SSCL,Supervised,GBDT,Point_id
87.47270081192228,215.10959440842242,208.05500122666177,A0108P92
12.071974724531316,17.509204428642903,6.872963863766259,A0120R93
58.361108531244156,19.1481806896628,19.593781969429706,A0209P89
10.381901175715189,27.247198531404077,38.565967726938865,A0210R87
13.702109656296756,25.429789912887173,10.390613078064689,A0215P99
41.720952731557304,48.62742203753456,19.628525236425872,A0219P96
62.416402448434226,65.2555077173746,69.47035314156605,A0220R99
21.324471777770544,42.55207408918071,15.679484044754322,A0305R90
43.57854446338019,53.610410247347346,31.178385222702463,A0306R88
33.99799126782452,54.6013121877331,29.768373874954634,A0306R91
9.80341495713233,48.136486823205075,36.00664423337602,A0306R93
5.032988954335794,18.378218566067297,5.37675780136145,A1611F66
1184.116536676884,1299.3473169207575,916.5238704941914,C0101W05
540.3574707172812,554.0194743871689,564.3188785777172,C0101W06
41.54442890547214,41.89566766843193,53.243160441785065,C0102P02
53.28434982337063,47.053730580955815,54.61254874826756,C0102P03
1.7866383399814938,23.666050117462973,54.61789797058533,C0103C07
77.27406080812199,46.51423703879112,48.861475417532006,C0103F04
8.341462649405145,44.75361297838424,1.8279587125090586,C0103P01
31.02619611890961,44.489003529306494,29.422711122893467,C0103P02
19.592090533115133,1.2476736679672624,33.01160209479939,C0103X03
31.75014462322011,31.683016438037157,29.4948337742874,C0103X04
83.64797320216934,96.91534776240567,755.1284291788204,C0104P02
105.03627922385917,119.44024939090005,273.1460092553649,C0105F03
160.50560625269992,166.39510424807662,55.51947108498398,C0105F11
23.464972153305794,15.095648011192537,60.81444980692207,C0107C05
177.32951760292087,194.1395556926728,184.48671092199208,C0107P01
20.870787417516155,22.40661866962934,9.935857369495466,C0107R06
601.769558330998,607.0559220761061,570.0029058799186,C0107W01
0.9286576602609036,27.418609946034678,30.796056689974463,C0107X02
42.37769831903279,111.07306372374323,56.07359009473639,C0108C04
22.413842729292853,31.830559712834585,50.338233626774596,C0108R04
14.24185230396688,47.61102558579278,48.05956051553399,C0109C07
20.58698343113059,25.697260242886834,5.554701089959309,C0109R01
19.500852767377722,14.944053897633978,36.38287504887914,C0109R04
20.69356609601509,7.311852108687291,21.272448076709637,C0109X05
18.49325165618206,29.2916649021211,18.457764656042293,C0110P06
17.549662995152023,18.137463843449808,22.96727165661791,C0110R02
2.2823487152342836,31.3255366240631,7.9571617320265595,C0110X01
49.684487837366746,12.162978714332056,35.39994965986581,C0111C02
30.625287634320358,34.64985917788,62.966662885340696,C0111C03
39.54243310727189,78.26763919554652,95.84906920391488,C0112F04
36.83845799416292,50.684930039569736,81.31076463141373,C0112F05
65.30228015035382,98.69671273045216,58.69007749788964,C0112R04
24.451246000826387,32.78165603056564,640.9726926663348,C0113P04
23.64514058455835,33.59689403790982,23.060151406568735,C0113R02
269.27097956649976,285.47463353723276,224.4286213057368,C0113R04
38.71557911857967,19.798223422840625,29.107307714226422,C0113R05
65.31631437130247,11.779287252575017,108.42414078668563,C0114C02
257.5237847678361,198.94329093396664,114.49774802908047,C0114F06
85.00660229474306,51.83273922651972,97.250811646996,C0114F07
34.548864141106804,84.02135552838465,82.3832954350922,C0114R01
62.147650183178214,57.78449443634602,90.6475563497487,C0114R02
163.82661953568444,16.31342135369775,521.0729195817248,C0115F07
7.176875248551312,154.03421312570597,96.23641506002411,C0115F09
12.878348408266874,32.779069165699184,39.620403743470554,C0115P01
31.422225967980967,75.7873608265074,30.12671803168031,C0115R01
30.87053200462821,67.52066240413123,142.59619689926782,C0115R06
115.28665269259326,13.392402529716149,86.66844128801897,C0116F03
235.60696117579948,280.3298766911033,21.89050869843326,C0116F06
26.43863655161126,61.29109515342858,40.532463309778876,C0116X01
34.366288967430705,34.22263557091361,94.3745146872369,C0117C05
0.2276900969443421,4.375243112444821,101.3858238646454,C0117R04
157.014036178589,239.6399256587031,119.98101638386387,C0118F01
151.268007624894,14.527879077940979,11.298223088585274,C0118F02
17.00533680617781,19.39123101532465,265.7322680714512,C0118F04
54.69549802131951,40.09211314842116,29.85622344419265,C0118R02
116.49061792530115,103.18166190758345,91.90334695507627,C0120F06
256.51867087930435,143.2869278267027,19.041782585030234,C0120F08
32.09919029963225,40.72790992096992,22.734308529230088,C0201F02
9.319591225939877,43.250685210223125,19.917348909178585,C0201R02
27.224730172893082,33.92229193705128,16.606242044989855,C0201R06
5.41112536331612,34.36090637231235,6.833368880852262,C0201R09
13.148714110720935,35.63812395324909,5.914219431637285,C0201R13
121.63564303889854,83.64325169473892,134.44705205778268,C0202F04
76.18789182044578,46.730974158272474,27.1208592169221,C0202R02
19.911905594635716,21.344557346310506,5.61388501004825,C0203R02
42.33933990355592,3.600666788406863,97.24305785082596,C0204C04
28.852947950363358,66.61170898936692,34.09408826987811,C0204F06
4.657836062833638,73.96503908094009,32.10218113565093,C0204F14
58.83153086528158,85.27045484632244,238.55243666292736,C0204P04
20.238883397541876,32.831607433035956,34.3623350288735,C0204P07
20.01743626780805,35.584928430616856,46.38735163621472,C0204R04
45.99453397095179,72.459939783439,25.133782868491473,C0204R08
135.3899920359254,30.409359149634867,70.89209449814858,C0206C02
61.57130818814011,30.07013110443981,162.65160185825243,C0206C04
23.802605923264906,191.92219477146836,413.98644901724685,C0206F01
12.921938039362516,83.13499981537467,98.40142896330445,C0206F06
61.245539505034856,83.18060528486963,54.316680787068094,C0206R04
167.8148178430274,110.69658482447264,129.37273412552247,C0206R05
70.63010271638609,46.555182319134445,83.7406511487851,C0208F05
35.074009206146144,4.503344660624819,129.6781943150097,C0208F11
1.0196769796312284,34.0532821509986,27.829832137629538,C0208P06
8.809393928386529,32.88692418485877,23.564676560618594,C0208R01
9.895137520506879,15.715230889618326,7.897499634418082,C0208X99
4.452688097953625,24.24973114393626,54.40463180103431,C0209C02
51.896264962851944,117.2026381082832,119.9756303731177,C0209F08
5.1191373029723835,23.072688467800575,9.637325308019136,C0209R05
133.57114627026004,105.28550736606113,140.04244283242764,C0209R12
16.34301125537602,28.37188306264551,34.87947213778313,C0209R15
1.8133654445407206,22.569035459309617,13.305775625254498,C0209W01
9.10869610961503,25.24160794913771,1.5129191200150416,C0209X01
8.61560517456369,8.870087526738544,15.876707787112089,C0210C01
39.901815704069854,26.499836025759578,110.24522489769467,C0210C04
19.047547813970862,35.68100075935966,4.277583803797258,C0210R01
27.261478025466488,21.97196405380984,35.359438059151785,C0211F05
448.5186172276736,698.5660329461099,228.63148918889567,C0212C03
1095.2146754227579,1233.4508933126924,832.2892835835523,C0212C04
1255.1878550648692,1525.2088414877655,1162.7476058645861,C0212C05
29.888897268101744,28.030945770442386,111.32246086187006,C0213C13
15.922459843568907,10.79772724769983,17.890484096873614,C0213R97
121.12381936982278,102.63128437101828,84.03075902065169,C0214F01
279.82214601710416,291.4000027254224,79.13601745303379,C0214F02
69.09717641770855,40.89225536212328,14.321279498526224,C0215C01
6.807218007743359,60.271805245429476,367.9601740313192,C0215F03
12.483772952109375,154.32329814881115,142.24604029415397,C0215F04
49.67618304304773,12.748100720345889,40.40679207346366,C0215P02
28.964869137853697,62.99198371358226,253.05253316784575,C0215R02
17.769718966446987,16.8239343445751,6.798977501611077,C0216C01
12.710106382146535,6.130233556032073,70.43919527227015,C0216C02
25.842630551196578,38.120581037365056,14.980430308579727,C0216C07
40.23709159460836,45.141338991233695,30.160844080613636,C0216R20
50.71952887810757,23.32183996215457,424.8508161029067,C0217F01
66.46739642135769,126.30000183358771,61.78477975876619,C0217F04
7.760502621531686,15.222316244617419,36.22955314013733,C0218C01
238.40309766121177,16.64842610247419,3.8588353845462393,C0218C05
25.121217174455836,25.16394834965473,4.039134548192379,C0218P01
60.4839588236063,52.28477757424105,120.62680464087757,C0218W02
241.66139001026744,279.25377156585455,156.26963253933832,C0218W05
20.276253055781183,44.41687598824481,11.036250706208023,C0219F02
30.424956986680726,52.154821148142574,3.524637006328291,C0219F07
46.985981548204876,61.62254727445551,113.0182359013528,C0219P01
62.696916325949104,50.04040211904818,7.026222674055845,C0219P04
28.773418143391893,12.77822332456708,55.9602760624322,C0220F01
28.467290471307848,4.811239065602358,18.643816603658294,C0301C06
55.230898568406786,57.38064842298613,27.85617087023263,C0301P04
30.965163353830892,37.914007422514516,45.783528942809376,C0301P07
0.06274392828343157,22.840349678881267,6.997136230135453,C0301P08
5.55072983726872,24.278110009618132,15.065503046952514,C0301R05
44.032670985907316,47.99420733936101,8.057551088149111,C0301R06
23.728772009489738,68.55293549946474,13.76771283721019,C0302F01
14.567916081287137,35.65814245492197,29.542044973270418,C0302F02
46.2903448427096,65.43784336652608,92.74126389332731,C0302R02
12.374402221757993,48.45899414038255,24.353710006147683,C0303R03
29.427362252026725,23.47880708985025,8.895672489736342,C0303W03
80.87776285130536,81.38215551152845,57.300852615608676,C0304C07
44.38010801561181,47.21472172066558,32.04125182266215,C0304C10
22.228676858358206,52.25054664537285,22.57567951397419,C0304R06
21.910530803724853,45.64365928526952,35.14581896767068,C0304R12
125.4767541261391,102.74924540892243,128.8197518087429,C0304W01
68.37851853109888,67.95523079112155,66.12537754785785,C0305C02
64.26246011629678,87.78487216681224,6.619967816696914,C0305C04
72.21344030462228,75.23453822359454,72.08914911224191,C0305F01
20.44646876398459,17.842944487929202,40.19576293054914,C0305F09
40.56781268678607,42.23568518646083,19.429076245597344,C0305R02
47.16808150522386,52.72383177652964,53.050352339483396,C0305R05
119.53749634791174,117.25981740280992,68.93286367132787,C0305W03
81.84016472659984,54.00818143971239,117.42632635541423,C0305W06
33.149216952733845,35.02666766289605,28.16830725443988,C0305X06
11.8313503032551,41.34053796529764,15.176246900755515,C0306R09
30.02114402770561,57.45133546355665,56.15092393191814,C0306R11
57.55271900910885,43.53610407095403,104.10798055702112,C0307C08
75.58332425542164,66.73577886074743,48.96155925828844,C0307C10
184.10771673545233,225.44768750667572,204.86579251184475,C0307W10
5.639871284365539,5.956817800179224,39.47855356027661,C0308C07
28.892099671065722,10.854546297341528,5.649323246874303,C0308F08
48.49604379385724,62.26247249171129,1.7345035917956864,C0308F11
29.764536134898705,19.66418166644891,59.755759945628,C0308P01
13.585562771186448,25.79931301996139,23.012633066621746,C0308R05
28.672143341973253,22.26831529289477,2.0918487172341287,C0308X03
40.6460164859891,40.602794764563505,29.860685864848847,C0309C10
57.3846206977031,63.14370237989375,102.61135270387831,C0309P02
4.586381106637411,8.847702522762141,54.38576593755292,C0309R05
39.85721623757831,48.12127222539842,163.09728219731335,C0309R09
100.07335406728075,110.40241038426748,101.95722057545346,C0310C02
135.17207453958684,142.0301483944056,100.07039975684685,C0310C07
82.47000117087728,74.91676199482745,96.99803275629216,C0310C10
50.48312008846543,20.06544081494195,45.55094548618848,C0310P01
199.28910302929557,200.39595160633303,191.87419503971222,C0310P06
293.0341731663794,285.6730288267135,289.03849123615896,C0310R05
29.68138854950695,0.049012466333977836,35.31344033216476,C0311C02
88.82166077848527,50.81553797237577,84.54059419973026,C0311P05
29.151341854594698,21.214599004015355,22.762620908526245,C0312C02
25.536292097531252,1.3982636947186657,15.532396378702408,C0312P03
12.032355451956441,18.835200699977364,34.91886736792276,C0312P06
10.728611967060871,42.45991271687696,55.815938548961114,C0312R05
62.96062516281387,62.203658681828585,62.69085386362081,C0312W05
5.100316423922934,17.19872699119142,15.954393325599796,C0401C90
59.28451964631671,50.55121786892387,288.0436029460038,C0401P99
57.97898260178059,87.87293862784274,85.14689809104003,C0401R22
42.37077318597597,59.16046127211329,80.35730099574948,C0402F05
23.118799813091826,4.585710437968188,59.18509808902566,C0402F97
33.700077370740715,2.0762062445279366,7.152350350825003,C0402P02
111.76685704849632,85.4630248993635,125.03655027031242,C0402P03
142.03916984610254,86.53729047626248,67.79742952856776,C0402W01
2.4946881644427776,2.1183319017288786,62.879769317295285,C0404C05
52.385105774737944,56.53507319744656,186.59204685126835,C0404P04
67.99091036431487,82.93031940236679,63.28423339244313,C0404R01
1.3264983147382736,1.8653786741199678,6.393358991579248,C0405F02
237.09293300285944,256.99726004153496,201.95029013833923,C0405P01
13.07042791508124,20.966681540012303,88.26696233720197,C0405P14
81.85042020864775,60.11921470984791,0.4671243605765767,C0405R03
8.120111329480906,22.997144348919434,88.89850149618039,C0405W02
49.78668624535172,62.49574255198233,83.97347801464244,C0405W03
15.996267888694916,13.967836247757106,23.49073726169354,C0405X51
12.303903447463938,29.838179387152195,71.640769731431,C0406P02
77.19803380779915,77.21654426306482,72.76410263626109,C0407C52
10.103719308972574,34.700941136107076,41.93030135739281,C0407P95
117.57527695037432,105.2775206603113,151.35029649337216,C0407R03
828.1958319060508,806.0172405838971,803.1241086260915,C0407W04
63.81414685398326,95.33503776416184,40.970867809003096,C0407X51
0.20389094017448897,0.1853804849088192,4.637827363738921,C0408C02
69.30739847011854,61.97225308045728,47.07990112481947,C0408F01
22.392783733084883,30.701602064073214,9.197148251899094,C0408F09
50.09630905929939,62.73021215107265,32.59402307934795,C0408F51
99.8140850570051,86.0741841793061,64.84647500164169,C0408P03
6.759688677266155,32.552739568054534,37.80187072992486,C0408R03
13.148539736867166,8.856697147712055,61.128468099233984,C0408R55
106.37682325672358,97.12679234798998,81.61299127609297,C0409C05
47.24031443707639,64.62222211994228,130.83202611892943,C0409F01
7.220127629116092,12.967359554022451,8.039868916646284,C0409F02
29.400765448808727,27.744689052924528,23.635688269821458,C0409P05
17.78565788641579,23.733967775478916,146.62757982107416,C0409P09
110.92684645671429,96.17576884571477,162.21693076438544,C0409R04
93.62668370362378,57.62293610256165,119.69082161893141,C0409R10
1390.265231188387,1351.7364275455475,1429.6965131218133,C0409W05
48.29655244015143,30.103656873107113,10.10790686932367,C0411F03
5.443031946197052,23.35484452545643,5.317184516103808,C0411R17
10.7511253561823,8.07674397714406,34.972428256639176,C0411X01
31.673029223457178,10.094322282820983,45.66507525426111,C0412C01
174.36810536310097,176.42850682139428,134.24673656205425,C0412R08
25.513155944645206,7.105416459963011,10.333087830035879,C0412R13
21.482851142063836,18.62289765849718,107.19825338098136,C0412R27
105.14613091945645,116.49778449907922,141.47785354748504,C0412W04
4.069276400842036,35.26079234667133,32.171238105826774,C0412X02
13.710100194439077,8.189745899289504,7.692686395514997,C0501C02
49.97961271088573,48.40981113258729,25.488197096450193,C0501C03
24.09997657872742,28.940694406628836,4.411771877770079,C0501F02
66.5093457885086,91.48674094118192,79.43573165715543,C0501P01
9.916775207966552,7.72715314291439,16.96151000203713,C0501R05
76.42005815170715,73.66354860365391,86.39769357157867,C0502R01
17.457474796101195,17.318719197064496,26.078172474976483,C0502R09
17.234306922182213,0.08866623044011121,9.256229920445548,C0503R04
197.4789644591509,209.7792731225491,221.11310084836083,C0503W01
17.78202477842592,11.588802020997038,9.47495837644746,C0503W07
92.79312686063352,91.69116841629145,98.71456812771284,C0503X05
16.41929119359721,13.334866822697315,46.00366971427799,C0504C02
8.541068974882622,25.176970819011615,13.302276421857911,C0504C03
49.10564712248761,46.45909657701871,127.47076712068156,C0504C05
78.73671061126507,90.40258204331629,74.22667377711397,C0504R04
40.755814528092614,51.018846388906056,23.070343286725333,C0504R05
71.08605776913481,76.46116439253092,51.09385046972133,C0504R13
15.168195199221358,37.17931863851854,4.596561691725157,C0504R19
75.92519473517318,89.73555031465372,68.29708669222688,C0504W05
75.50105428788828,92.01922503765687,42.85627632942092,C0504X01
4.484044732525759,22.53314893692712,10.767052659184756,C0505C01
24.492704821750593,21.410250300541676,117.73875649007898,C0505F08
36.431492413394004,45.36925232503555,52.19793423439784,C0505P02
93.753478405997,75.26447687298071,83.69244335957725,C0505R03
12.582817301154094,28.110391264781327,14.199711480287661,C0505R04
71.97693570516972,79.11713495850556,80.81716556512343,C0505W04
45.4579913709311,64.57231670618032,35.391946777670725,C0505X02
29.914118242450446,25.873190048150718,17.83320069445518,C0506C02
32.14348604902626,26.986074643209925,1.9072179433492877,C0506C12
44.493822762742724,15.692251864821033,20.700352092086163,C0506F02
17.515880456194267,38.396417479962054,42.99820518325991,C0506P05
22.17749525792904,9.651159755885372,15.34794374564919,C0506R02
7.981010815128355,4.496760610491373,3.705704594055291,C0506R03
56.68392715044324,58.58208810910587,73.86292668396324,C0506R10
45.830135834403436,45.6058450695127,47.42805318764473,C0506R12
34.45040231570587,25.7816993445158,11.531875640848284,C0507F02
1.8011094536634868,2.6122046448290206,13.540868292473064,C0507F07
127.94861272908756,116.53377832844839,121.67066963426709,C0507P03
33.902040617540464,20.020065288990764,68.38919469565246,C0507P06
13.421567035838962,4.540833123028278,22.75288896532973,C0507X02
7.097123162821078,45.59280727058663,28.234932220704877,C0508C01
22.6817077957092,14.070728318765473,15.52746033445517,C0508C03
33.09993621893234,0.11360744014382362,63.82991481591681,C0508C10
5.708969319239487,10.945297349244314,0.5205375283211993,C0508C12
17.01448855921643,2.9224827978759147,19.003659618147907,C0508C35
32.45324299670769,5.465405452996364,18.067410260641125,C0508C36
1.8397323042153741,13.112369617447143,39.76102887264835,C0508F03
39.96918149758117,34.81673687230775,49.074189958428924,C0508P04
9.183247638866506,31.774058751761643,12.35993108198366,C0508R03
41.54430626891546,11.259384900331526,59.0201015357692,C0508R05
48.69387955404831,30.99398294463782,0.24423051745685598,C0508R14
6.236321842297783,18.389167711138597,17.496326284345812,C0508R23
17.777035003528,13.369431169703475,20.59294032406528,C0509F03
49.67595309950438,48.617898542434205,45.092180599559725,C0509P02
151.16136747412406,140.6842121854424,170.4930590237317,C0509P03
45.38892399519713,45.85199196822978,33.76825257039505,C0509R03
97.55861865822258,104.38363812863864,123.90666390523829,C0509R19
19.867804339155455,20.506119951605683,5.851026834668971,C0510F03
92.58821650408228,82.74901658296619,70.93493756064527,C0510P01
82.33908089809123,65.85138533264427,76.6252670292239,C0510P06
53.166120517998934,71.31159406155355,9.592482455543148,C0510X01
57.55370393395435,43.789268080145035,39.32366070274358,C0511C06
17.745471419766687,16.330421846359997,3.932570979483785,C0511R05
18.24862621724634,9.171259915455947,17.4699079029468,C0511X01
29.650706415996126,19.863075166940916,50.98368852324708,C0512C09
42.40463237278165,64.7536195255813,29.826350122519997,C0512P02
46.795910215005264,40.12159191072021,77.56601585859858,C0601C02
10.505545651540231,8.165141940117067,28.370032089204443,C0601C04
115.49842111533506,177.5432750373149,95.71537638318016,C0601F05
169.72951174248016,144.6021550754084,42.49460200925908,C0601F07
10.068511120043873,11.725219860672722,7.602668586604654,C0601P01
0.4026637203060662,26.635861045215215,16.268547932765358,C0601R03
21.560334451496374,3.274380732327414,49.26111653317642,C0601R06
25.391469821334056,24.308841964229813,16.13658049891263,C0601R10
54.623505572089904,81.33534954511588,179.430334538831,C0601R13
194.7234053444119,206.9671862199905,208.15903145752947,C0602C01
89.85218342859278,89.22678681090485,102.24723410576652,C0602P01
39.01913908775894,35.44047023169678,31.152225660808412,C0602P03
5.147182750515497,9.999800156801639,0.4419362531026678,C0602R02
28.04058423731482,2.628132067620726,19.468283130457195,C0602R03
81.84605511371032,63.677866980433436,57.902596428037356,C0602W03
9.45766226388507,64.95347112417214,16.96704946100074,C0603F01
28.131688827415978,59.47735892492364,3.058364630931367,C0603R01
478.455373411998,455.3743686527013,432.93711109396196,C0603W01
60.099845798685905,51.65790548548091,80.38243979069696,C0604P01
47.62448111549013,35.08840367197983,42.10410949844376,C0604R01
137.95033291447893,125.70493860170227,100.46450669903858,C0604R02
4.194906055927248,11.888456782326003,3.4795628981545264,C0604W01
91.31511108018421,51.388564947992336,11.809630555376145,C0604W02
120.2692533517258,109.12761487532428,114.46317502807167,C0605C01
74.3985094875099,114.0863205678761,91.15309517349198,C0605F10
48.60336611047387,4.296878352761369,82.11501311710721,C0605P04
91.12818997353318,81.60670304670919,303.2692876551707,C0605W03
37.10463680792622,30.451592113822898,33.558333944164545,C0606C05
28.17017850233244,45.42926184134584,49.479084954520175,C0606P01
0.6643643835560844,4.965216927230294,11.622800768989222,C0606P04
11.391874537803126,5.122314356267231,3.2431376179980305,C0606W02
18.59969252254821,7.62812412343925,5.478906534930005,C0606W03
42.49711949843915,47.01560977380689,93.51106297610222,C0607C02
16.599199022166424,23.47869211807857,14.788875987764946,C0607R03
21.834120564162802,31.343857375905003,50.09593010910316,C0607R10
8.762312987819364,7.4083095928655505,4.335600378286863,C0607R12
38.598090423038045,47.3263909283559,27.846654128626206,C0607R14
95.82022630609544,94.63695982471091,107.20101335162865,C0607W03
14.447605786845266,34.74875023122887,27.44569003264055,C0608C01
100.38885193876932,97.24241945892564,44.39682490733418,C0608F02
329.5643228571864,304.89131163805746,325.1748252312454,C0608P02
2.617934071458648,27.172298254445074,31.032588077598277,C0608P04
20.910916398279014,4.354371903464384,15.838066281627917,C0608R05
33.541102069429876,55.21283267065865,36.52493892354549,C0608W05
48.024950791150594,56.158153573051315,8.163072083306837,C0608X01
57.718611778691496,54.42004865035419,50.09713598512167,C0609P01
13.10773242264969,13.299792767502382,4.110881364732897,C0609R02
9.800994801335051,16.438092910684574,24.83928268373493,C0609R04
24.463574807159468,5.298734707757816,7.952220275538544,C0609W01
41.62117112602566,54.668117972905826,34.45418957654789,C0609W04
2.1580699784683484,12.567840311676221,5.038921806358864,C0610P08
22.396720558172284,57.187067576451625,22.086401834125553,C0610R02
47.39247322970184,75.93154441055927,54.98415025162934,C0610R04
7.216640152037058,14.635243550874693,32.76845494700706,C0611C04
53.91325308009968,51.265023946761914,63.80628751146594,C0611C05
91.18697120808088,96.54470942914516,101.36278436108992,C0611P05
6.98511766269823,29.334077988751226,6.112592134761279,C0611R05
270.2744838502259,256.26177795231354,261.0992787702905,C0611W02
73.1414962792769,65.81059718038888,50.11926967088624,C0611W04
134.39040445722662,81.54881859198198,68.44809514783722,C0611W05
5.013842321932558,6.504788594320445,17.82446054595698,C0612P02
84.7448958829047,109.49263108894269,77.1360744083585,C0612P04
101.55901930294944,105.78574188053595,86.15156882146951,C0612R01
23.56868435628715,33.901879657059624,13.732412161905103,C0612R02
2.8717802464959434,9.396849861368452,65.81275143297904,C0701C98
73.76747542060903,74.3986934423445,58.25956254587639,C0701R04
349.4477250333877,330.9051313251258,358.00883981684063,C0701R14
95.72048446163524,99.75622359663248,153.6111705673982,C0701R87
30.720227491110563,9.144387179985427,8.785155729322,C0701R89
11.182645075023188,1.5942292474208548,70.62682748471865,C0703C95
189.20023040846002,189.04274974018347,249.75577336618448,C0703F02
77.05369824543618,17.417058385908774,47.530333748833925,C0703P08
109.17485677637144,106.24438727274531,133.32776157691944,C0703R01
122.00515464879567,94.25948450341815,113.44716374710828,C0703W05
29.72012637183093,27.780882166698703,17.014147465352423,C0703W07
77.95851842500262,144.7043381538242,86.06564280162382,C0703X87
62.96555361943303,67.95901527861145,53.173494897437486,C0704R03
46.46932906471205,49.03673304244868,24.98956731601084,C0704R04
71.58224144484848,93.54743749368943,66.62917276557697,C0704R07
13.221048600971827,33.83987921290125,23.04298542064646,C0705C06
11.865293802693285,12.841503787785953,42.737681668292055,C0705C17
49.056814778596134,46.226002806797695,67.02763457235412,C0705C20
58.26638712082061,20.292579047381665,51.89331633006954,C0705C23
27.66280615702246,0.8660593628883219,61.535211065199846,C0705C30
9.832592876628041,18.916658200323553,98.55032729701063,C0705P01
51.067809034138804,38.7156557664276,11.705442043921607,C0705P88
35.39168387651446,13.417474040761933,1.6019858546408017,C0705R22
11.220708396285886,5.1457685977220535,14.408857597500742,C0705R26
14.74453188478941,6.474091131240444,110.42400445107509,C0705R30
26.025945376604795,28.842125274241226,14.658444557686124,C0705R38
151.3189861085265,122.20622494816786,136.87189470762326,C0705R39
56.75322446972136,70.1528089027852,95.04059308594988,C0705R47
9.23903194256104,23.021004823967615,19.396348569037812,C0705X60
0.5153647996485519,47.960980497300795,128.9640251242866,C0707C09
91.94500309415167,134.9143538158388,25.715498631857116,C0707C13
82.79676819220177,101.07432130724172,150.26060849759548,C0707C14
550.5061056651175,199.03047019615784,1504.556425281625,C0707F01
199.86922759562728,174.51890233904115,254.76990316252042,C0707F05
432.89151603356,184.6798469312488,618.1178621782666,C0707F08
7.31784597039237,22.801033165305995,24.95369770662049,C0707P05
14.637937722727827,27.67525376752012,25.17798747354773,C0707P08
272.801724355668,261.2453597038986,250.83356510562453,C0707W01
99.55097598955038,43.37317757308497,236.5229451804888,C0707W02
60.06381364539257,41.03434514254357,68.26276082724253,C0707W06
3.011003397405176,34.00391327217207,37.42394578536269,C0708C03
213.3006898686291,269.57566242665035,152.12975286801745,C0708F01
142.85063294693853,118.84537011384967,94.60343765699739,C0708F03
218.595676496625,272.53221519291407,243.52451220654865,C0708F05
17.91934706270706,32.41156956180933,69.8353060466693,C0708F09
43.94343756139298,88.1599407456815,52.53300384163917,C0708P01
44.13280373439213,10.40264591574689,58.063967408132726,C0708P04
24.646866638213538,32.054160647093994,78.53694881400324,C0708P06
23.99558220989975,12.054882254451185,26.980963429108087,C0708R04
86.40888233669124,97.98223215155328,71.25787952732387,C0708R08
9.534992277622173,26.505569284781707,5.848407637179854,C0709C09
77.4306734395214,84.56941638374713,57.05467120535866,C0709F02
280.2326259016987,271.382681429386,1113.8826783982404,C0709P03
10.418320400640654,17.158724479376914,6.127816845376671,C0709R08
20.331523818895235,21.71959334984433,105.77873663225404,C0709R10
16.572245806455484,32.44001357816161,31.517110798049295,C0709R79
12.285638265312032,8.076697988435297,0.9084768320610124,C0709X03
30.889757201075597,37.89022742770632,0.44273862574110723,C0711C03
18.97609094157798,24.02786628343155,9.023083625788772,C0711C06
49.34488038532413,22.621079348027592,17.23067118518898,C0711C09
233.222055723891,219.52612005174183,213.11162133585952,C0711F09
31.801376044750114,49.460013117641,89.22588236192487,C0711P01
23.191998507827776,32.50503394752732,45.98961218382887,C0711P04
13.152364464476648,9.695753473788585,49.64768720454427,C0711R01
2.3399284947664545,5.275380108505502,28.353070627698663,C0711R06
114.26208174787457,75.89976489543945,54.77252122286629,C0711X02
91.00551509298363,81.33144529536348,80.07740674006284,C0711X08
136.62574696354582,115.8122308179739,114.37899053473305,C0712P10
153.20476843975518,133.63656520843534,127.76744858813586,C0712W10
57.66843809746201,82.37499041482789,110.63947434813213,C0712W81
33.787471246905326,41.643273970111835,38.25329335665214,C0801R08
11.841023261658801,30.23903230205187,20.38691432220762,C0801R09
23.96064180939004,50.5294340715048,43.75221642107516,C0801R15
12.71378164645308,19.842778816819262,47.58689277636702,C0802C03
65.6631267210469,49.375202273949945,76.53372340734447,C0802P06
26.9821368600242,23.65949481027202,4.861128427667868,C0802R05
13.023456676746793,44.97777200478601,11.236867629641859,C0802R08
116.40107024461011,180.74416389688844,65.87400646875815,C0803F04
11.783786481246239,14.414229481480895,7.623592969458784,C0803F05
23.612607405521125,19.87837407737966,45.76037049484587,C0803R07
10.61436643358325,14.20523762702932,10.824816496364114,C0804F01
62.01701350742926,55.76427369611347,63.22362509073582,C0804F02
29.79543192428539,39.17180531308968,16.995274929160423,C0804F06
25.53090758621706,24.021998890675654,24.73963350803319,C0804R12
36.47157301020371,42.73156754032259,40.68602717975615,C0804R13
20.714012867538415,37.49628527439222,33.20063864826895,C0804R15
24.060012869886037,48.28105089196454,51.11393682818193,C0804R18
51.89048954751357,22.44016743265123,41.425942061147296,C0805F03
3.146378826349938,12.20724667888149,9.856159717387825,C0805P08
13.77203932031994,15.624905233271805,18.010953226976284,C0805R05
146.60258342511935,148.82376907393325,129.04326042649865,C0805R10
35.157676080707134,36.79494692711147,219.4824173638541,C0805R11
3.9440108230339357,24.403233788907478,9.899429176365501,C0805R18
45.61736907344322,29.42994528450069,7.783563904789148,C0806C06
12.331868414767037,10.748220402747464,35.7490975845419,C0806C13
33.18513796664761,0.7797423889858869,11.312873640051386,C0806C14
15.670020156540055,14.936764687300029,15.853659265726634,C0806C17
11.678177244030147,4.199773194268475,18.89642949511378,C0806P01
84.1081400541588,44.766259873285705,73.75882800340366,C0806P10
31.953349565155808,21.66292759589847,27.661779505533964,C0806P86
1.195781158748875,20.121039247606042,37.96305430374972,C0806P94
92.56789332721357,78.18966533988726,44.542179945051245,C0806R08
0.1956053078175662,3.8168290490286063,9.189700907533535,C0806R12
46.94694096688171,28.930392935872156,55.699198109962715,C0806R20
12.441287050023844,22.64921294059573,11.89314357128306,C0806R26
9.375062710605434,12.968225674703767,1.0013424068494317,C0806W03
16.323519707657354,14.571277089416995,7.6626858978255115,C0807C02
28.02975389640769,25.658503258600767,5.35742812165509,C0807P04
60.3732678340748,33.09563627466534,11.097501424027698,C0808R03
45.60207016300447,53.64444141276198,20.375464188270755,C0808R93
26.941693623084255,34.68037843471374,220.39321875677936,C0809C06
70.74086268898091,55.85780131630608,58.57600254251526,C0809C07
23.357220608740782,17.032067743129943,3.0293930924560613,C0809C08
135.88393759448093,129.69298744574184,120.01414405574505,C0809R03
42.09779570810503,25.517156962305528,38.85717770378762,C0810F02
7.611353574320803,13.109127413481474,46.53858418682995,C0810F04
10.231728879735067,2.612859983928644,14.648420707543757,C0810R04
17.61575260199615,1.101521551609125,3.840655436321299,C0810R05
80.87230552453573,72.76117349043514,65.96968788636684,C0810R10
4.493779009207798,0.7957694539801071,27.086306878334664,C0811R01
39.78048216085874,40.785293290391664,62.753300832527295,C0811R02
10.042056115344227,14.39886925276381,5.502729343170511,C0812C02
26.358746499754368,15.261904858052723,15.547725805051307,C0812F02
19.043123316950926,12.4798485822974,13.465452335756353,C0812R01
26.52511065360163,32.88419552147398,2.1355216144867395,C0812R05
4.3541189655660295,7.268687873147528,11.64358055447024,C0812R07
24.16664104443074,34.81058588251474,6.064374866416703,C0812R08
2.6286034518853474,6.911098835989718,38.805965603489156,C0812R12
29.552258003968955,54.029483792837866,35.45761747891733,C0813F02
32.996161739574745,41.17934275069287,13.2891962711838,C0813F05
33.55791285866874,23.03993875859291,8.556610540744398,C0813F06
33.64270933088855,40.86834410787551,94.2408237433379,C0813R02
17.344402453745545,48.20700715470602,14.715971423394222,C0813R04
25.862848457036183,52.16545807299515,43.6798833509461,C0813R11
25.74135000119,35.758499398362204,28.698482984777936,C0814C02
6.151150753721687,18.524516313337095,8.843096726063585,C0814C05
21.047441544942604,1.2797814514490267,19.357317304456963,C0814F01
9.384597702883283,15.63800818286829,8.730203320718296,C0814R19
28.94942268030745,36.41217523952951,3.16198985656548,C0814R21
63.403617148287395,32.33173316344615,18.698570500029533,C0815C03
67.26418529171497,51.757639665156525,33.07043220596654,C0815R02
45.37548379506897,29.15427363477619,25.840696340888194,C0815R10
13.728947900235603,12.617872194386955,16.26339942825868,C0815R14
24.956655203132044,58.583917118376014,29.057284665042687,C0901C07
17.965335771441644,19.519516518339643,28.25776630670252,C0901F04
75.25822624098521,62.19539796002209,67.73714343954643,C0901R07
60.39229374611719,62.19518142985166,62.96341731888841,C0901X02
15.190913621336536,39.014835311099844,28.86949452131698,C0902C05
43.51037722080983,49.05022306367728,72.43735998240646,C0902F10
20.17356026917699,21.94497634656723,32.42330482596951,C0902P01
129.20436508022254,103.85697543621042,162.213956631079,C0902P09
18.286275640130235,24.434977495111724,36.009497526776315,C0902R02
51.29588620271524,50.729661723598795,62.52940850861203,C0902R05
45.724940495565306,74.72712947055705,48.19242453013992,C0902R79
80.81097574904575,59.99049231410035,202.05097295942738,C0902W71
19.0241683041673,15.771919637918344,7.715637128497171,C0902X02
17.972433362155982,24.004917917773028,36.11759051323793,C0904C06
41.52389111462963,11.7233803123234,92.82972924742836,C0904F06
82.77076540980465,77.54079531878241,112.22201689893905,C0904F09
4.418506990187091,10.247552827931777,163.49865824189882,C0904P06
32.99054824281511,19.49125645682234,16.469245751403506,C0904R02
76.81475049583216,82.21732770791259,52.442145797341375,C0905C11
53.237422178499315,51.33466234896339,18.147872892674762,C0905F01
46.228647157549986,43.8867871370167,45.05119675336283,C0905F04
71.71150612412023,86.74246335169292,24.633127387676204,C0905F05
29.764735419303307,44.783245036378744,25.170687945022365,C0905F10
35.93205312034132,49.767610512208094,65.0631139040276,C0905P06
40.08655617944903,41.81733356788723,24.846013244845295,C0905R05
27.049332112073834,24.147942801937155,31.92621469920504,C0905R08
32.26634871680292,28.183666607364795,19.836784719757816,C0905X01
32.795970016159295,38.228777139447594,45.1021831880557,C0906C03
15.752527732401772,6.075775260105572,37.42926787905172,C0906R10
15.744648333639049,2.7424829918891906,6.88926279447044,C0906R13
51.73368721269042,37.29011310264463,60.20989733286146,C0906R19
55.54236093070376,50.671857749112014,8.138150992536922,C0907C02
93.75870578922328,18.41627805493789,196.1739416666112,C0907R01
8.789220214821555,23.0311989877372,6.425066498505014,C0908C02
16.142983366735585,18.520856378600136,8.622688159271625,C0908C07
26.19984928343915,48.42951489903494,77.76692236465436,C0908X02
24.964206932345576,43.460079944925354,28.041004492015787,C0908X06
88.93426029942943,87.57856681942964,136.91294506394706,C0910R02
23.09762201271927,26.128044142387687,67.259639589717,C0911C07
30.68050091154859,22.516148444264914,60.16538760974547,C0911F86
37.52956481184827,27.641816143877826,93.00010161423748,C0911P10
5.885880216955967,8.828107500448473,16.6267704734625,C0911R12
38.11365973670033,45.38050039671354,42.60276031373253,C0911R24
5.395265007391501,0.4468071321025705,2.53632329598139,C0911R80
7.602818836458027,12.21151213161683,27.462590731964568,C0911X05
37.93783340603103,34.77418965194345,77.98384546079181,C0911X12
22.766533968970265,26.088275406509865,4.685539125780153,C0912F07
63.11452829279014,55.50504492595823,61.13280198539543,C0912F92
30.786432069725954,39.09555699210599,35.212361600197084,C0912P07
8.114830292761312,9.502639221027465,42.167139788636916,C0912R05
43.367946357466195,46.855986798181824,34.519556267572426,C0912R07
4.848129674792433,6.000066348351488,15.268855637263435,C0912R19
41.15535293240092,31.239256057888177,8.610026925843329,C0912R23
58.72026884928334,65.30628883279871,56.68536571810159,C0912R30
23.553235982544642,16.544851865619513,47.03640646873785,C0912R93
31.02363799698648,45.05086099728925,3.4554038375333676,C0913F03
49.46254249662162,74.45115889422586,67.61384222487838,C0913P03
14.858583882451171,11.716152420267406,7.7307630829809,C0913P07
54.38616263680145,44.54464795067893,98.92633467931944,C0913R03
35.98685441538662,13.103064568713064,33.41565974074785,C0913W03
5.781071949750342,40.013725394383115,16.09933505024071,C0914F04
16.397074814885826,35.65611128695306,7.518252120082835,C0915P09
246.59403926692926,287.64858878217655,290.2400611680416,C1001C07
54.74716633558246,91.66231816634537,9.49234133758992,C1001F01
23.278932496905256,69.4776026811449,27.727047379566443,C1001F06
5.335801606997904,25.078562647104462,7.896029884349119,C1002C08
115.07838899269677,120.74849018827058,321.3416623552185,C1002C13
36.47891826927659,58.35600761696705,35.574891285492214,C1002C16
57.833545226603746,28.399775214493587,60.5435994814554,C1002C21
56.30099833477294,84.9693246139217,52.205399177726974,C1002R99
214.39750524237743,211.69943967834107,348.85278295844705,C1002W05
285.7553486153481,275.77021885663265,1080.839954993415,C1002W08
78.05795367807156,91.05663154274237,168.36638160998416,C1002W94
65.78305377624915,36.742709502577625,28.43982491960884,C1003C06
37.16425733640776,114.74575266242016,107.10415957082577,C1003R04
120.79930771142263,271.57857799902564,230.69044935964345,C1004C03
281.06378366705053,368.39125213678926,159.42514590483265,C1004F12
323.3853182755407,280.8335603587326,797.2640114327628,C1004P03
28.128365185111562,4.327230900525932,56.25367713345659,C1004R01
100.1208527386188,66.59979024901969,100.53568167951622,C1005C06
109.78033645078526,65.71970432996736,20.926775896594563,C1005P09
85.41288954205817,118.49123406223961,71.67659208891293,C1005P10
144.86699255183328,185.7692734524607,56.9183761760371,C1005P98
107.33542339876314,87.27249663323184,145.17213476004997,C1005P99
141.88702386803897,134.58274456672353,297.1378332738423,C1005X06
114.96972725493836,144.66630740789697,230.36313339454546,C1006C03
102.54709437489515,103.08963850140555,168.3931365495621,C1006C09
28.008641246705977,57.310393005609555,34.43612895692017,C1006C13
22.178422696888703,65.83423154428624,95.34834458515556,C1006C17
74.25963891670112,92.97883693128823,100.68969299834556,C1006C19
51.986563792452216,89.17384614236641,56.471587051967816,C1006C24
77.77096880599863,145.65362941473762,249.25369189519017,C1006C25
12.655908688902969,40.65759031102047,252.53884283171953,C1006C26
67.73251513950554,100.48734442330898,13.983519406061227,C1006C28
62.99803889356566,98.57755598612123,117.94986390625267,C1006C35
103.26392037794012,123.39251901954428,83.98514215123325,C1006C37
45.1009733602404,52.11212063208242,28.734944283541637,C1006F06
396.1841411888598,399.4639945775273,218.91500825856434,C1007C07
1079.002919774503,1055.6042173504834,1127.4063016843559,C1007W02
66.00078731775307,17.851835638284513,152.89470364165317,C1008F04
742.0399334561081,414.24284170381696,1532.4487248359185,C1008F05
709.9390712752936,250.88376637548214,1724.4231192327493,C1008W04
210.69755266420543,224.84308161772782,333.6657541462545,C1009C01
443.30385023728013,313.1404136307538,623.7915982087143,C1009F03
369.4120290130377,361.4065598696469,1072.4085609585604,C1009P07
29.024930391460686,35.19080519676231,30.11212727027862,C1009R04
29.718378800898705,2.893027029931431,4.678474175482052,C1009R05
156.0134253511202,212.53975686151517,154.1891104077429,C1010C03
391.62832341156906,320.46472101472295,651.3428546913158,C1010F07
148.36808995343745,258.20398076437425,27.949569452943408,C1010W04
177.3429616354407,218.03898317739345,783.9725818499487,C1010W08
103.33718039095442,120.03071375191223,89.12740724589122,C1010X02
240.47932690009512,177.28420339524763,194.52178262549234,C1011P03
39.83213897794499,41.45339425653222,231.22100468036965,C1011P06
82.8032985888423,75.85966274142285,25.05007046277649,C1011R01
411.7759843729435,347.18108721077425,405.1943413421473,C1011W06
509.1604936122895,520.2508240193131,210.93610165404732,C1012C09
2887.4622122198343,3006.801991611719,2924.80325353279,C1012F02
1641.3527735322716,1661.7393841594458,1758.577517866663,C1012P04
2816.700612455607,3221.84623606503,1475.1143997566382,C1012W03
2861.2545961141586,2953.9672197401524,2906.2227289573675,C1012W05
128.0652247648687,125.94571248628222,121.3651213965307,C1101F04
187.08787320647372,148.32835954148297,889.6148118666754,C1101F08
127.93191116303203,139.00251241400863,280.1540014806016,C1101X03
23.373745884746285,13.010381991043857,56.716746592865626,C1102C09
2.2125551011411053,15.007050763815341,19.473828565936003,C1102P96
16.384910801425676,2.608341593295364,20.354461467893657,C1102W03
59.384629400446926,27.941183475777578,32.158387857076384,C1102W06
63.22666409425466,64.27123629488082,129.9217401178049,C1103C01
72.86121426150201,70.81362832337642,260.5494420205391,C1103C06
150.20781459286826,140.45319557189947,623.7821127411773,C1103F03
90.44784834608456,95.95252815634035,26.552193977707248,C1103F06
97.60990756563842,36.49709913879602,52.73832668782114,C1103F08
22.950588446110643,65.42766836471857,23.166158021194022,C1103W03
51.12311045639203,93.6030110158027,79.6964399998037,C1103W07
203.81126090418564,149.47972518857574,167.5526820931155,C1103X03
71.73687464557605,92.19358739443146,100.60011855790893,C1104C95
4.683643393218232,80.70102441124641,122.5131898789208,C1104F01
78.17663520574578,161.13027854822573,26.445561310978228,C1104F03
119.76027331780651,164.9728306150064,133.81195426017902,C1104P05
174.54895404400318,176.70945759164172,299.0058245682194,C1104P10
13.90829619951559,17.27236257865991,11.65655732056743,C1105F01
5.0095960311593055,3.173036947846698,85.90816695549958,C1105F02
34.52316028531637,1.2212991435080338,4.4582278129879,C1105F09
28.27020969241849,26.688121464103233,42.198142473255245,C1105P01
85.98122566938395,97.38147398456942,351.9616586858466,C1106F01
1901.3984564505522,1908.422265946865,2108.534257012127,C1106F05
391.21651751920604,390.29672801494627,93.83964182848439,C1106W03
163.80081603769239,108.41028682887556,144.70024274576394,C1107C01
5.431212848052326,1.3639637827871516,20.71717321518409,C1107F04
68.87628498487143,5.978355845436797,17.635943019589874,C1107W01
0.5030091665687747,79.12722181528804,61.10358647605456,C1107W04
65.12103098444658,81.92096688784642,133.0273071970156,C1107W06
25.065080290660433,4.716847240924678,21.243220597200846,C1107X04
147.17993333935712,134.1425176523623,261.63885260732894,C1108C04
119.21075040474557,71.2381960824134,87.26540575089086,C1108F03
9.857549415901303,86.68084423057749,25.885507616271127,C1108F04
83.67783520370713,102.28782536461952,32.014075995187795,C1108P05
57.40129735320819,97.73543374612946,99.10083221095181,C1108P09
33.65843076258898,90.92064293101424,396.77704864150604,C1108W02
61.32939991541211,82.73470642976464,21.943853152106158,C1109C03
33.767163399607,52.36819342710075,42.70494318473959,C1109C05
36.024473179131746,21.524677872657662,61.643864009016085,C1109C11
17.520126746967527,57.11034212261456,16.28260847877594,C1109C14
150.47669907566177,144.97057828586543,257.54423203566796,C1109C24
33.77485884353513,43.811687575653096,64.37677963869345,C1109C31
74.53244393691413,45.3645193204285,67.16851479069133,C1109C32
144.00914983823895,119.5607091486453,381.17803809033023,C1109C33
77.25250743329525,78.352450039238,68.5209381103784,C1109C37
26.368906171992265,38.83528772741525,23.204897668275827,C1109C42
5.667817089706574,15.651850784197336,20.06247101881239,C1109F09
2.5203881878407164,44.148704330437155,0.17103603738878803,C1109F10
215.34024311229572,139.57317097112542,1263.4649007942264,C1109F12
30.26938484981642,31.612875992432294,18.006023426381034,C1109F16
54.286305820569154,16.680043339729238,32.480488455827214,C1109F26
192.70497624762368,124.41899466328356,724.8177399848861,C1109P02
126.70892193447804,121.682064807974,91.7263462440567,C1109X08
116.20777970179941,56.103618629276895,512.407310468813,C1110C01
39.86641972791406,47.09376758430157,164.5480322820408,C1110C02
37.93567576911294,70.91191769111899,27.428311499584503,C1110C06
39.550971677526746,47.0920851640406,71.26587257975464,C1110C12
5.501533416099718,35.16304334625589,20.365350160907155,C1110C14
58.916334044188446,45.007332684472374,20.624056591829806,C1110C31
35.78359965234969,12.171417642384425,6.092284225894588,C1110C35
4.722258578985958,6.422438146546241,9.375202100531382,C1110C37
104.36888341791912,79.11950337700536,209.6068241145724,C1110C41
28.493354571982877,1.1282256618142128,10.925127249036734,C1110C48
140.3608502447607,84.60157973691847,267.1687895281229,C1110C54
37.13053228333581,39.86874599009758,75.26540541555968,C1110C62
15.977642461657567,24.405050342902626,8.090765286422155,C1110C79
43.96161076612738,31.41246486455185,28.9807613593852,C1110C94
0.4653520788994985,1.0287980735302829,1.1070593045126031,C1110C95
124.8331613093614,28.82474154233941,730.5644148474308,C1110P01
45.48523968085664,15.019697658717632,143.4337823659102,C1110W02
15.198747031390896,45.57832082733543,185.73316665771358,C1110W03
20.783937741071185,18.759591430425786,328.0794848404721,C1110W04
3.221363415941439,25.30386133119444,4.204143570728647,C1111C02
22.511158669367433,23.441717196255993,13.727601131478025,C1111P94
37.499101124704126,49.19833736494182,6.787200350548744,C1111W05
104.0217529796067,28.313684351742445,32.59478189785458,C1112C03
56.31125764921293,90.33650968223802,368.13130019874916,C1112C98
73.32162255421278,53.81200127303603,1.3013914768726806,C1112F02
1007.0332272909583,1010.7717260718347,1022.785322992805,C1112P06
204.04405958019208,209.10023450851435,183.55949386017411,C1112W03
376.02968156337727,320.16842342913134,193.86279620514244,C1201C05
212.81938737258295,302.70867219194747,1270.7205406059547,C1201F01
270.7452166080475,287.0409782975909,362.40944801951946,C1201F08
255.4775784909727,220.94146855175524,733.4759586004895,C1201F10
150.3702697064727,150.11377534829097,101.82587828311996,C1201F13
197.23824422806507,203.64391949027788,914.3099849919162,C1201F17
80.65868797246338,96.17963956203297,67.52009661147628,C1201F23
55.410300521180105,89.63289776816956,71.996987417464,C1201F33
197.11474921554338,227.47140530496858,497.97494315589836,C1201F40
211.61659101955598,60.51651882939019,7.3697977396768835,C1201P11
84.5695830928163,108.51757465396092,34.33235277249542,C1201P16
81.7530927713961,83.80573746748254,61.59797254744004,C1201X02
3.263527397066526,64.00671690702436,55.55502653310444,C1201X05
164.75149079225923,158.6289373505861,128.17519997692776,C1202C02
215.19289528951046,299.5594267360865,315.2047147133683,C1202W07
3391.6431710869074,3624.746016412974,3555.553689241312,C1203F10
209.37953160144372,189.6335283573715,102.25605367093686,C1204F01
16.409737039357253,105.81186346709723,236.757011021332,C1204F07
156.49752166122204,156.85120549052954,598.3910749993521,C1204F09
240.11383930221209,274.9864639528098,213.59116204928088,C1205C05
5.931531675160103,59.43442750722181,784.1117001994854,C1205F08
63.842368591576815,93.8944108039139,180.63501325448948,C1205F22
257.7613777667287,301.79489187896274,627.3876869308409,C1205F34
96.65033016353834,224.89468861371284,112.74590348998464,C1205F38
77.20136798918234,236.19961766526103,219.42088366066028,C1205F39
110.33215496689093,47.40942258387804,309.111525898541,C1205F41
250.31309248879538,251.21673995628967,41.534128802772244,C1205P03
163.94646227825461,282.2283940622585,538.6090191991958,C1205P04
163.24523027986262,167.51181740313737,450.4300468580177,C1205P09
94.510751478374,83.77638900652516,39.68175672548105,C1206F03
72.87178399972622,60.100550958886814,148.00053597805612,C1206P02
62.12826211005455,95.75117425993065,106.71986579537523,C1206P03
37.017545690759974,46.42427545972173,12.60841776411064,C1206P04
272.9829505272211,262.54817383363866,70.38733943144763,C1207C02
239.6701479051264,295.6088510248811,8.379642602974954,C1207F01
68.85674744844442,28.782247975468465,212.0292785716952,C1207F07
105.84509797394244,158.7995631247758,88.32133151147352,C1207F10
20.310422666370613,79.50489642098543,61.71682759549307,C1207F11
154.849316999316,16.360759064554998,416.23598147413105,C1207F13
36.24098801985393,72.72543259896348,176.78284528149743,C1207F14
19.761593416333483,15.807545557617912,530.4872814879038,C1207F15
402.60600447654724,398.986693099141,703.5315573528362,C1207P01
100.02125652506945,80.71067437529553,189.017526519044,C1208C01
56.469857376068745,60.34402284771201,49.1200245899117,C1208C03
26.709260940552014,70.47593323513857,54.52366314438888,C1208F01
89.29501872509707,124.39574737101793,9.402388822337173,C1208F03
180.53186468780035,239.5494811981916,345.3887338166588,C1208F05
958.8602848351,945.7176929712296,403.61975744835684,C1209F11
3082.344209626317,3098.4734308719635,3034.91582745047,C1209F13
1436.3909709453583,1471.9766658544543,124.5881559069096,C1209W02
3042.9591268859804,3019.1072210669518,3255.564226681931,C1209W03
1288.8748294860125,1196.2699420750141,1197.9291560425634,C1209W04
280.95777586102486,332.3895242065194,531.9782358780117,C1209W12
58.29566276632215,67.83183542080195,49.233193960894184,C1210C01
20.43667700141671,27.736756000668038,147.0822782561087,C1210C02
83.88049211353066,15.59277828782794,3.4028790910995497,C1210F01
0.9903975017367651,31.41445770859744,23.51348979235705,C1210P09
11.205570446327572,33.964853528886806,30.62791459626493,C1210P10
108.56108380481615,114.7776994854215,77.26860354795701,C1210W05
293.51552931591897,280.99108701571834,143.78678127190503,C1211C05
3.0003493465484903,20.64939010888358,365.01750583437735,C1211F10
300.82439982332266,311.3611488137392,474.4439248771899,C1211F23
309.85047338530427,242.47805749997508,339.1397427333619,C1211W06
304.91885120980464,348.27774162404256,495.3239523008502,C1211X01
29.335430823266336,39.25711149349786,89.84731473001055,C1212F01
85.46381053980441,111.5537108806894,149.0595732804249,C1212P03
80.14213129878057,131.02380869910127,64.37210846829196,C1212P06
26.937364935875124,25.659691300243352,111.0756446169081,C1212P09
12.014404525980396,7.735668718815078,11.503909805371165,C1212W05
159.212035853416,87.63439711183332,224.62212434922145,C1212W08
74.82556063681837,103.499106634408,172.25608113140723,C1212X01
12.917661089450064,27.647852161899138,128.13466662532073,C1302C02
163.7043777154762,227.4002875993032,511.3296059369922,C1304C05
127.31371561065302,210.28747901320457,456.7541867335591,C1304C09
242.3014608584345,168.71431482955808,347.3326285194232,C1304F01
23.70682677254088,24.934395710006484,64.72641655786214,C1304F98
87.93986178003277,56.16386383771888,105.5479967584662,C1304P01
227.39652802236412,223.0819900054488,90.60178781182108,C1305C04
146.03361112065602,123.8522681407629,102.469764619078,C1305F03
90.79428128898144,122.46160024777026,6.347346379192288,C1305F16
309.43255865946446,252.5673823431136,105.59255318531416,C1305W01
1374.2620036751032,1467.5763435661795,1518.4235938994102,C1306F05
207.72794676944613,174.6516410820186,240.81629756891323,C1306W01
26.359892385080293,52.689355574548095,2.1276456871629463,C1307C02
150.61927365371963,212.40395412081833,432.9986301187632,C1307C05
0.8105969801546428,35.02142111770813,3.198168656105281,C1307C98
107.40450610406712,98.92663327977087,2.7676851451428774,C1307F01
1.4020117744806426,43.740267110988555,12.602676403795385,C1307F04
132.1548320073632,100.54488396272032,59.35420600898314,C1307F27
20.548322256654522,84.20939569361494,130.9840447073315,C1307F28
62.48606576118614,67.68653792794805,78.98963716040691,C1307F30
285.880759824067,281.43615040928114,304.0215878897426,C1307F37
75.57185773737739,17.806168850511227,14.186828410192078,C1307F44
41.392926769331055,1.3268508948387001,26.41653573913932,C1307F48
131.05582450516556,105.68783191964049,155.72968654295175,C1307F61
71.00331258494433,65.41661191266019,98.31086872810226,C1307F67
95.28810628689844,90.83197670057412,23.0118804847383,C1307P04
19.07239129766789,5.256195152178521,0.9652977353393766,C1307P27
52.71116188727319,26.91412530839449,31.610901796490325,C1308F02
74.47507302276823,39.3253434076905,5.00784180493693,C1308F06
36.17036469280736,60.270356601104346,129.763694452176,C1308P03
335.8131382986902,224.3436212465164,293.3281670190807,C1308W02
281.8437789939343,400.0939785689113,321.9348431568281,C1308W04
217.80718475580215,88.49196389317514,351.6157263326416,C1310P04
187.11036551743769,78.81541837006807,246.92077321797916,C1310W09
5.646447669714832,29.35243898071313,79.46376127367336,C1311C05
14.806133760139403,14.055038504302516,8.782095214581915,C1311F02
92.98813431523729,86.02862469851989,78.02494421454992,C1311F06
48.957502162084324,30.51859766244918,27.706120055554265,C1311F07
26.479325061663744,24.070980697870056,21.640854553012645,C1311F21
2.090133158490319,44.80758072808405,2.890546432853199,C1311F27
62.37754390575023,9.416203442961292,5.346929436034827,C1311P05
108.48576196469337,102.74182589724644,44.332528379321104,C1311P07
19.551202738657636,30.0778418779375,19.834514999481527,C1311P18
113.8371844030917,71.02372007444515,798.0070814798221,C1312W01
310.692495983094,233.88473002240076,624.8672359165963,C1313C01
204.71698936074966,46.36271957308048,159.4344537333833,C1313F07
26.23057213611935,30.242190193385028,94.18571903155569,C1313P02
15.315136788412872,43.87198643758883,328.54929979788847,C1314C01
63.065918227657434,57.9080162756144,43.37025863906926,C1314C09
0.9872012864798307,29.444531369954362,72.15260922010201,C1314F02
63.41336292214693,58.913697358220745,22.1023849607424,C1314F07
53.09694583527707,19.102697856724106,45.561227222879126,C1314F09
51.24749458394963,14.780525714158998,11.613842489780893,C1314F20
55.99910928867756,30.39025850594041,11.309742049532076,C1314F31
554.7398491855713,525.0491019338369,525.219025287667,C1314F34
53.287569032981736,58.272814042866145,63.89978386612995,C1314F45
172.58027131669235,128.33642784506117,90.99708572130567,C1314F46
501.25220244284736,331.8648122018205,683.516259606019,C1314F64
16.885838978923886,67.76885771658266,50.9668974950102,C1314P01
22.59422960691127,4.625942893326454,99.73985631892471,C1314P02
21.74300160259039,51.27432133071141,3.1166872264469134,C1314P06
56.28291327506312,77.03002172522257,36.60938487632997,C1315C05
66.13810193724926,75.94529371708606,29.088709648223727,C1315C10
202.67445451579994,180.78835904598247,198.5874275864271,C1315F02
50.60961921757549,62.52255396917452,81.37843930059879,C1315F03
62.84470870625237,72.31704136822361,138.4684853391986,C1315P03
90.87124722544105,67.46760101523233,5.874451283904321,C1401F02
1.0515471547842168,1.2371499184518195,14.435582432477261,C1401F07
173.5673116426917,154.03031941503272,132.60746520202213,C1401F23
14.272844861261897,35.81065251026312,64.81937395040764,C1401F30
59.50925880111748,75.71328068152054,37.33249875673384,C1401F31
3.309738384559879,16.21239949017749,2.1424906242684187,C1401F38
53.176659597083955,61.853310950100536,12.357104555203307,C1401F58
23.271076092496685,2.701499387622108,9.700701031933974,C1401F63
69.73550735972795,53.41833792626862,49.187915926721985,C1401F70
32.51003905199481,19.795992970466713,32.0934219430157,C1401F95
52.9808435076847,48.8869976392015,18.417079694421382,C1401P01
40.21919528022399,44.387987414374955,8.886703607085884,C1401P11
409.1104558203369,218.93745691515488,434.52233166911276,C1402P07
12.453910950571542,23.752593202516678,2.6001935017032736,C1403F01
72.69800799898793,12.838606499135324,80.42543959069545,C1403W09
907.3237904987768,449.74791169981484,530.9401745396361,C1404C09
220.18940753303497,182.72172436118132,329.6686787689321,C1404W07
63.067512502893806,68.41764725744747,8.5824112333421,C1404X04
139.5413314551115,133.9607549458742,193.63225818547483,C1405C04
456.6814903914926,716.7570813000203,25.926217026365293,C1405C05
1470.077585121617,1457.6256746798756,1431.0215655585105,C1405W05
2608.268256634474,2938.390292227268,2703.1255503730617,C1405W57
60.218872241675626,60.32237749546738,543.8609955092932,C1405W65
503.9730285853145,123.42541627585865,737.7066621360991,C1405W68
718.716874793172,836.6534467041495,1018.4612509623142,C1405W73
16.87209218740486,342.55333542823814,423.75597851352404,C1405W78
882.6356097124519,881.5934289246798,816.9903145128433,C1405W88
637.3790983855727,358.5909471660851,657.5573960936933,C1405W96
230.76355300843738,163.82576107978855,980.847768207147,C1405W97
141.36359188240016,324.56177459564054,122.30911488029793,C1406C01
51.80023287422916,67.32375983148813,56.660534130798396,C1406C02
69.49188217520731,236.3127498887481,13.62787723605473,C1406P01
32.97697774134568,16.293876152485353,28.884362723068108,C1406P14
47.05475766211757,68.75254469923678,106.1339969508038,C1406P17
26.32767346221975,29.63402401190268,3.7725976285528944,C1406P19
31.492339586839165,50.38303716108227,4.656015960500213,C1406P26
2.4206233490259312,30.071127526462377,75.29660864169061,C1406P41
21.418520603329014,42.64483139850199,103.30844844870964,C1406P43
246.29836252890524,144.58666071295755,217.956666820096,C1406W04
128.94701993092872,39.77643132209758,91.38555406903032,C1406X02
188.2160337176175,129.24065783619884,64.11326154322538,C1406X03
7.640196159482317,48.98574689403162,99.03976067834012,C1407C03
6.291822548955622,12.919400995597286,15.131254671630543,C1407F03
27.148828683421087,26.438525412231684,0.33815247392753633,C1407P05
21.790822194888875,17.938876934349494,24.102061931342988,C1407P18
44.14646238088614,59.443540936335886,35.18831080359091,C1407P35
23.24006820563209,54.89428804721651,32.49765951704104,C1407X02
952.6296655926852,726.0091433767228,703.2142329014231,C1408C01
4.196527157910297,59.00999771431065,38.79414650843613,C1408F01
184.2597094178201,215.07833741605282,1415.3397662535924,C1408F02
418.45696337521076,328.42946715652954,632.8201517937853,C1408F04
284.64357924647607,317.5921589601786,445.0377581585798,C1408F06
896.0593918710948,581.5719229727982,1380.5331282928541,C1408F17
11.662468267604709,56.69313255697482,74.5322000743381,C1408F18
529.8383622290565,584.4942869665103,496.49179144816344,C1408F21
189.07803840935216,29.89683032035819,225.44266176290694,C1408F60
293.24356742203224,271.20436787605274,555.9756218930164,C1408F72
802.486618431285,645.9683405328542,584.5796155789754,C1408F87
81.0743837431076,118.5582472756505,328.46934120323374,C1408F88
197.79792681336392,266.88498571515083,810.5575698920517,C1408F97
31.242804853245545,43.09506852179776,35.477867894116585,C1408P09
693.8383170403539,407.4160401709378,1920.931465101465,C1408P22
540.2414412051439,165.8521462231871,253.34332298659842,C1408W03
324.4327877648176,345.64541691914235,930.7583827449754,C1501C03
23.177696019411194,50.575139662251225,193.9901837407939,C1501C04
302.1014909353106,294.99513170681877,415.78615696385276,C1501F03
248.53120631538303,346.3321433123199,109.82670060671512,C1501F05
373.9413802884521,416.6490092687309,1084.0268827369548,C1501F06
39.92072856053721,54.168528737500424,30.917409207382434,C1501F07
78.3748398337048,279.9698473780882,187.11866839306188,C1501R05
27.319830032065397,4.84779242426157,7.599428088481915,C1502F02
12.43452287744746,60.99493170157075,204.24567646552705,C1502F05
318.8734848657623,416.28020665142674,1267.6613331313895,C1502P03
57.864288678392924,84.01756912469891,92.50017313003444,C1502P04
417.7652548719196,457.02894275076665,225.6480379570306,C1504C04
3.1334100104867986,180.7507632765919,34.43549733438456,C1504C09
395.0705667631701,386.6290633426981,586.9289360670775,C1504F03
435.56691682897537,468.3420271333309,469.79759546931007,C1504F07
192.42785595357446,75.55166102945827,328.71235675177036,C1504W02
112.75792138651022,72.1220070868732,7.554168739017115,C1504W03
410.3127309679983,439.10104945301975,468.1551006374492,C1504W09
31.96981735527507,22.63121985830344,40.759442050652524,C1505C01
45.152936768717964,29.142906758934018,50.983033934073916,C1505F08
15.513248480856483,16.2555139046164,1.8107085985092723,C1505P01
17.832899787463376,21.80853934492906,31.573387159733166,C1505X02
0.3232737956566957,41.2246004305778,167.9196988513944,C1505X04
969.19922105968,1315.3387559950354,314.74426413185006,C1506C03
315.0337840989231,13.464420847594567,1053.5095935644745,C1506C05
3059.7402687370777,3063.9762580394745,1532.2815119225418,C1506W02
2137.231666743756,2131.3209526240826,1600.6860867819119,C1506W04
11.338987522758408,20.945484577678066,28.111099070930948,C1507C02
93.04041581228364,53.3020784705879,115.98384513014483,C1507C03
25.00870963092919,68.75354495365187,117.00107275592347,C1507C06
16.92175232805306,6.959869861602426,19.02368946071043,C1507F08
35.8372646430507,40.22974585648609,38.34285509027456,C1507F09
275.36600110121066,384.1957049537449,213.9397070519317,C1507F20
0.554025974124613,2.6509348023683974,48.278584437168476,C1507F27
11.595244272612156,4.030626723542652,11.205005482112234,C1507F28
11.432712511159362,59.21088405884781,9.281441776299822,C1507F31
17.446882063522843,53.17275822162615,14.534286097112577,C1507F36
115.5742239207033,64.8117185942831,8.563529020434078,C1507F40
12.16155689675361,29.077192726544922,20.72295232108626,C1507P10
1.4944107551127386,1.2911483272911974,50.92375463761128,C1507W04
13.87897839769738,22.272293316200503,34.868222145964616,C1507X01
58.9966609887779,23.76839798875171,28.977104990993972,C1507X05
86.1760798282919,22.362653464079088,3.5020521807613676,C1508C01
54.94054119102651,77.8156851604581,170.15489097986017,C1508C03
224.91520724259328,17.486202409491028,238.26229248665393,C1508F03
247.39567611366527,273.1602063402534,291.0641625080134,C1508F08
0.41774610057478895,25.229735197499252,162.42181469775562,C1508P04
46.35658774524955,244.2579661589119,36.41341832502958,C1508R01
137.8962042042983,322.43615348357696,330.36768431356097,C1508R04
299.8454161442351,509.34728537569754,539.0635528693174,C1508W07
99.79773607105042,9.313985873013806,54.85638487606316,C1508W15
74.17870262172079,45.96837789285925,74.70487621256628,C1509C05
9.6393023338165,11.590886842459298,20.62419957085241,C1509F03
62.142763882875315,44.647685652598554,1.8817923235484812,C1509F05
69.89155854564146,49.93416436947872,67.2281425014805,C1509F19
90.03115615341818,59.11980342119958,86.44369415890262,C1509F26
32.68013212364156,16.07790551148362,30.746493577714745,C1510C01
22.15170325711403,54.917749953456315,47.24846751643295,C1510C06
48.131119557656305,33.97604794707148,26.012891070745788,C1510F05
240.52222670055946,195.93697072006765,52.157761838265586,C1510P05
561.2376915686765,434.98623848194273,669.5866480830439,C1510R01
460.32942207530124,462.00457612052537,248.69083869215027,C1510R02
15.425111120566811,6.289783716201711,81.37516255000392,C1510W02
5.7216162141409495,50.77196367085014,17.204420211740043,C1510W06
15.024097245186303,35.07978462148454,76.21805262582913,C1510X03
277.33371231704933,276.8230536952616,1575.9019665027909,C1511F07
435.56012582965235,467.78459799475974,364.20266256479476,C1511P09
287.6646771654487,249.4046468660236,189.81531324540202,C1511R03
358.24664503335964,424.7657557576895,512.9094202551119,C1511R04
170.88869163766483,232.58038293570263,375.2864734132116,C1511W02
261.95081883110095,332.0542895141988,1331.2245188724676,C1511W06
401.4826536178592,756.2285155057909,1081.2599838997946,C1512C02
651.768474802375,834.3641901016235,71.59606976788609,C1512C07
3644.3812328577046,3594.190198555589,4282.166663037633,C1512F05
1315.2510095387695,1480.6551031023264,1092.3708620468096,C1512W04
268.42408216558425,262.7843258529904,224.18762481602903,C1601F02
36.28041567280921,4.534816266968632,21.963948625672515,C1601P03
19.831354455090835,49.4036999437956,25.45185853012493,C1601P10
9.532324932515706,29.240579111501532,14.386211772786055,C1601R03
62.30112983379526,83.31288797315206,51.51945234647746,C1601R05
19.625662290491192,46.25601810403179,38.47104245288528,C1602C93
9.403211632743549,8.661191482096982,1.6751632209458762,C1602F07
0.840945695527105,24.834010023623755,42.96055720916328,C1602P04
23.14418558031346,36.160960001871175,49.64411051234494,C1602P06
18.030455783009437,97.96589083038279,350.4308949058866,C1603F04
48.448637099936704,49.96424864977615,60.61410043323018,C1603P02
4.662197325378985,21.640868345275848,23.967280171795537,C1603P05
27.187144942581696,13.411924736574006,57.56341295919849,C1603R02
21.429657535627427,12.48312911018725,17.596468311685314,C1603R03
62.42002597544327,28.23464509099726,104.83590715510397,C1603W01
12.827910291962354,27.10582157596967,60.44135361934522,C1603W03
48.271465599536896,58.03853223100293,16.551400269004375,C1603W04
3.4004357829689265,13.369507817551394,2.2756070638625445,C1603X01
12.646833583712635,25.108865373767763,14.599191642063154,C1605C05
2.726386943832054,17.194626331329417,50.53012298947536,C1605C10
31.659401236101914,31.170763541013017,6.659880942721088,C1605F09
58.22159411851282,53.50469322409479,73.39764361399483,C1605X02
72.93715694919237,68.775799656287,73.57129131853054,C1607C04
26.114351004361993,21.01131358183926,71.43966080891761,C1607F04
42.17113236896724,32.14400725439214,51.62083272629384,C1607P05
18.462132629938274,41.03493149857946,54.38918148576496,C1608C01
53.547934107482476,33.344427524134716,43.2355396645312,C1608C05
6.688912054524154,5.544352736324029,7.8297339213790735,C1608R07
7.388070728630156,30.972253279760636,28.980174554189013,C1609C02
16.5784926060589,2.7254901640115596,23.0055811961613,C1609C08
86.65394083596782,83.3976260013877,82.69847331522689,C1609C15
19.141213400289317,7.9874875582755465,32.7185434664858,C1609C18
45.041011748835544,36.886654160916834,9.78369643864768,C1609C21
1.31136036477993,12.904998864978623,17.988265874372857,C1609C22
44.059811988845766,43.92300324514507,38.78737440895229,C1609C23
11.625041123479576,25.77792060561505,56.51103473628089,C1609C29
38.8583165733142,43.915242650546105,54.178551144289486,C1609P01
242.99637324176723,242.52887502312632,235.46649860191636,C1609W01
84.24358446616688,57.51364776864651,60.74377172513361,C1609W05
68.21098932996401,169.50705286115414,210.35956720203384,C1609W12
26.186702740378713,51.70578356366605,71.72410124804604,C1610C02
55.92104345560081,0.7843680866062498,16.103982459849917,C1610F05
2.349153063260126,29.36244152486352,128.80810141960188,C1610F10
73.37516107596464,68.59619075432448,119.46358284616045,C1610R99
136.40618537087005,27.31540361885004,69.09010974599688,C1610X03
69.68682447914023,33.88989576604198,37.77406772578361,C1610X98
47.937277150340144,59.98332190793018,62.77263002226721,C1611C08
17.371610044501715,23.837473029270654,148.729981108657,C1611F04
24.6436627581716,32.108986852690535,14.576253419387427,C1611F37
6.042747702449546,14.59420246072135,155.1623176245343,C1611F41
29.65402526780973,47.13679385371506,121.06024992892587,C1611F47
47.339044529944836,43.70876484550556,32.01833255195859,C1611P02
36.25537290470676,58.399924917612296,84.93200988640837,C1611P04
13.172243083827427,38.664286378770925,2.561912910353655,C1611P07
37.67957231495545,52.6070242887364,74.3296568848424,C1611P22
26.954392255284034,1.34210381656868,39.85128514398566,C1611P28
26.137230386957597,10.215870440006285,15.321454552981095,C1611P30
25.706772240810103,2.364057237282167,30.478566618719228,C1612F19
27.381899459287524,42.68780784681465,100.89935643505827,C1612F29
5.58127017226078,37.054482288658804,103.75336174973648,C1612F38
23.287999937310587,1.4080056361856932,96.8059721695716,C1612F40
5.451984414830689,2.2043767757712796,14.906828461404473,C1801C01
10.356526905670634,12.706496268510833,14.19542756828956,C1801C02
0.9193066228180695,24.359345231205154,8.036003264938842,C1801C04
11.815150780603375,2.7085203304885104,9.587716594709235,C1801F10
21.55988222919426,16.672623828053645,13.024817605403015,C1801P04
312.66302017495036,368.51212196052074,366.1586231133649,C1803F07
17.714766291901284,39.35864306520695,21.36703346403369,C1804C01
19.410278005525356,31.995862293988438,43.17313327555408,C1804C06
21.02806113660312,35.350117748603175,64.68276825234292,C1804P06
28.324882602319178,21.93551033735271,22.90183257246241,C1805C02
50.63451108522689,38.45736784860493,62.23970535260264,C1805F06
58.010072885081044,37.70930018275955,87.29689025555666,C1805F21
3.448317693546557,17.492740470916146,16.68594974249808,C1805F26
29.05896970070927,19.527158308774432,53.823835422378515,C1805P06
2.490602834149967,13.85980110615499,30.987938406978465,C1805P16
22.10035686381154,10.919758286326838,2.4929342514905386,C1805P33
28.17601715214542,5.725854840129628,31.42789988624518,C1806F10
103.35772967897358,103.4360254555941,36.54207910427962,C1806W03
3.369470052420979,5.308668268844457,20.427601278429165,C1806X01
11.276937257498375,20.071825580671216,22.246783179451924,C1807C07
73.35811842698575,33.36099112406356,64.63027375036921,C1807F01
112.3775411117822,112.02838717028466,110.62371564421917,C1807F05
0.45054371468745663,10.507162921130371,27.801483399674296,C1807F06
26.29639730788763,22.808728609234123,110.4554988454806,C1807F72
9.322263840586132,3.792803781107054,68.23993829938274,C1807F77
27.346273539587557,25.54217481985674,13.841096809713285,C1807P06
12.27975171059363,10.198003826662742,6.698171713870849,C1807P11
7.94237263500689,8.835833603516178,28.259618682523865,C1807P28
11.515994230285287,1.9857311248780725,20.38830275053587,C1807P29
11.042149569839275,32.889982433989864,3.1557703368376977,C1807P30
27.502531674690665,42.43360142689232,23.363497404339242,C1807X03
27.03121256083277,24.374605817720564,17.26111067518336,C1807X07
3.7506129732353046,21.19876355864116,16.191128780735156,C1807X10
18.0193495098502,14.956064615398688,23.0450700351696,C1808F05
6.75838949624439,17.981646433472548,5.705293405402713,C1808F08
7.525454331189237,4.763809377327247,28.285608857178644,C1808F15
27.41389993578221,11.886939154937963,16.938657854279114,C1809F01
74.29741864092628,83.93224474042657,130.52734913394582,C1809F08
29.329659240320453,53.22411227971324,39.03959354520528,C1809F20
60.41761244647215,46.3039383385332,118.98544953806288,C1809F25
97.5584002118559,90.21773617714626,124.96889962866896,C1809F30
5.833874652162152,10.690335948020262,63.37645301305318,C1809F37
2.648374764248629,16.151219177991265,0.3472793735590898,C1809X99
28.05389796849341,41.893134457059226,99.20040943454414,C1810C06
18.69460938498385,2.685548970475807,9.724079833733114,C1810F10
98.3528858143838,110.00862440094379,44.51235419813992,C1810P06
15.102714942768102,4.266924373805608,62.22137476726573,C1810P09
6.603633658960562,17.910915799438897,23.6281975082347,C1810W01
123.84850473143176,119.81424489989882,134.88327185169018,C1810W02
20.928135337307907,8.830537237226991,18.352927769111048,C1812C01
11.937116668559533,23.792522898874914,29.478276306331423,C1812C02
101.51359778828909,93.71384380385297,116.79748225316364,C1812C09
76.76846860907966,60.01152448356166,86.75047491755414,C1812F01
13.390953885391468,2.5368444807828756,9.399700015261459,C1812F05
52.168131046928636,28.557087257504307,10.810776471146667,C1812P03
20.026519037782947,23.195133404805944,44.93909885025336,C1812P10
58.31574450246963,44.405194856226345,47.05449124523112,C1812W07
63.30898388288887,85.43684199452387,75.16852709223996,C1812W10
71.74272287636985,52.940959800034804,114.64298738165516,F0103R01
362.8736399183978,370.240724466275,307.84065756741757,F0105R05
57.64259627554533,57.31712651904638,108.79325321051148,F0106R01
8.92807928845285,47.439832617528864,29.48781585676042,F0111R01
21.830656081437944,41.786820059642245,34.15145129705572,F0111R04
87.4823296978135,120.05564921302721,29.00751660466119,F0113R01
26.632015239447405,55.10767948813719,85.538636790634,F0118R04
36.48854523897157,31.75644507631648,17.67148040686655,F0211R01
83.61074534244837,83.75767926685488,67.08940314879591,F0211R03
44.73606828600158,23.80512763746053,68.19523930574836,F0214R01
23.64238892681896,49.904712433926726,11.589362772709151,F0301F04
22.489124329295212,48.898979614023304,5.597886618960052,F0301R06
1.2191788724157746,37.52782777999521,31.42292294215757,F0301R09
47.16382371727393,52.1634823549541,0.7269360800801223,F0302F05
64.5639161020517,69.71923502162079,86.90968071512441,F0302F08
53.60874363570491,59.45066631189563,33.41651920918593,F0302F18
50.352382812416046,56.194305488606766,30.160157209185925,F0302F19
31.762849004007823,37.201914424076634,105.59063429239188,F0305F01
28.694938411935937,34.76171521469952,13.392252256894793,F0305F08
7.832938670180895,26.98510121554152,79.6309591333802,F0305F09
35.14941152650853,34.087513079866795,17.138124547784006,F0305F18
24.749049716629337,26.29648545291304,10.093380721508304,F0305R07
501.30465256515873,497.4968373030425,528.4055893878847,F0306F04
17.84494116436685,32.173497513867865,25.895078436656767,F0306F07
47.92805162374896,47.499019127572005,38.573106712778255,F0306F11
34.08152975724048,54.95624537696113,15.71215020999195,F0306F13
50.93232246581444,57.08347321953612,46.72849156597083,F0306F20
88.07863654103153,67.62813993263995,67.99579856652915,F0310R03
31.2868658686058,34.606687277555665,60.543937072343894,F0312F03
11.548477588221278,18.528823922388277,8.658502825855635,F0312W02
4.778177016414666,40.60453467071072,16.38656714408325,F0401R01
21.50373768061428,44.49356599245228,21.84751627519967,F0403R05
15.000098804011856,11.248424258083134,16.424274702607676,F0403R55
17.705526393838433,48.14846496563397,39.92214007811639,F0406R53
51.59597402438547,38.74072727747297,74.84633882822462,F0412F04
53.60113537870346,55.76616881415238,60.661293295745956,F0601F03
60.625872313976174,85.08212341927005,34.601185686629876,F0601F05
119.07475029583996,142.64140348415816,426.68215976432043,F0601R06
38.52662396966473,51.067633702187095,24.534514925353143,F0602R01
62.34585385303933,46.413349309005,69.34188469430407,F0603F01
176.00112608633958,121.5179885923865,239.8950327649914,F0603F02
30.770757584832594,22.540748571045654,19.91399041294411,F0603F06
16.36311981827015,26.530863074585852,20.315053275374723,F0605F03
207.34211683273307,151.28641843795756,197.2533714773381,F0605F04
11.72336498275425,98.31576526165037,482.9984640488643,F0605F05
24.503059946000604,30.710815135389396,79.64853772012597,F0605F10
21.29581889603279,22.600311613641757,20.48159155104149,F0606F02
4.298579934984417,23.69939193129528,140.87363696684113,F0608F01
38.36840269155813,24.829748403281314,60.804714195109625,F0608F03
212.2123594116419,132.71038327366088,232.24215988487882,F0608F04
101.52041178196671,75.34499543718977,105.23478393590433,F0608R01
6.336646210402179,36.01715330965823,2.779766374974571,F0608R06
9.021045463159567,20.44111107941707,8.349287263503484,F0608R08
107.01858418993659,92.66930226236556,50.10352294020964,F0609R02
21.89415115863101,46.13137337379167,66.68770630212667,F0701R02
31.296075107529877,35.93021548818825,53.28186387920495,F0801R02
4.0151476906613945,18.84609619155532,3.9923952168247965,F0804F04
15.519657199038253,34.97681686072616,2.194751867752096,F0804R04
15.109962475835161,40.79343233373942,15.642461391034846,F0804R06
7.172031104564677,20.819774442352433,0.6927778970611627,F0805R01
29.466284029186127,23.230778486468004,34.63040807567981,F0806R07
18.130983267910533,11.68387601152061,5.055383525056669,F0806R08
14.851413476280603,14.53434815630316,50.353390948601906,F0806R14
15.998149593360479,3.303414937108534,21.2222620623602,F0810F01
25.117149089928844,33.802894710097405,88.06585340624163,F0811F02
17.12490744888791,22.47739145997926,66.3142036614505,F0814F01
17.521786172873927,35.30054192058748,5.152311694094104,F0814R03
43.87860114686188,50.33694114536062,43.29554930811484,F0908F79
1696.8800923228264,1974.8600073158743,949.593257433999,F0909W01
32.25574448704708,49.98244484886516,339.31495725878386,F1004R02
141.0257703252139,140.37161160260447,134.22934447620287,F1314F02
1397.8624892234802,1920.5157020688061,1.3516119085948048,F1405F01
1656.7927773296838,2033.4845123440032,497.2956116407927,F1405F03
161.2288553453983,201.8943403847519,298.6633687185149,F1408F02
40.03008012892653,70.1358333206734,13.970145699320023,F1507R04
160.1369990874083,142.55035733804118,237.82957782218853,F1509R02
29.25370505545302,31.94313240703206,42.291346577785724,F1611F96
13.353331289254236,18.574739815667428,55.976081731404975,F1611R91
40.02280049957345,54.876716528088,140.53265354967036,F1802F98
9.12341632880289,16.525030732154974,40.10553671755099,F1807F94
416.2810842692852,54.11540411412693,670.7212884803058,F1809F91
13.585455464198942,6.022282727062474,142.4363317152577,F1809F99
