OID_,OID_,Point_ID,long,lat,OC,unwanted_cover_percentage,unwanted_cover
0,0,10060000,-3.52306638200305,55.295553924112745,0.0,0,0.027901785714285712
1,1,10060001,45.2561045723969,50.286548864499046,0.0,0,0.04734848484848485
2,2,10060002,19.799587108771167,42.97218502177999,0.0,0,2.3530820374126664
3,3,10060003,52.05945994227932,64.87053927186483,0.0,0,0.0
4,4,10060004,26.909651555450093,46.06776266733274,0.0,0,0.22078804347826086
5,5,10060005,16.03207843523862,59.73621643909102,0.0,0,0.036909448818897635
6,6,10060006,30.096002904090668,51.21390952428969,0.0,0,0.415405132641292
7,7,10060007,50.30952417723095,62.8267484478116,0.0,0,2.6166774402068516
8,8,10060008,13.821166394263464,65.44851244511962,0.0,0,59.26114154812237
9,9,10060009,28.9978280141406,64.35458194397143,0.0,0,1.2313675470188075
10,10,10060010,0.8992807390930471,51.0784427489343,0.0,0,0.4363706266820453
11,11,10060011,55.10779196368184,52.06737466655734,0.0,0,0.019089366515837106
12,12,10060012,23.995025234024045,41.60644895880992,0.0,0,2.7372404844290656
13,13,10060013,47.32136905525774,63.53922292253068,0.0,0,0.0
14,14,10060014,-5.3207873471503575,38.16776573412353,0.0,0,0.0
15,15,10060015,53.1437869763888,52.43851791012712,0.0,0,62.85279977375588
16,16,10060016,-3.100533326395954,56.56566230071408,0.0,0,0.0
17,17,10060017,40.26978835657604,56.13665153160692,0.0,0,6.0065681974544205
18,18,10060018,45.380099075364825,45.092027949353856,0.0,0,0.0
19,19,10060019,13.168726521402425,50.9171941154837,0.0,0,0.6251820034944672
20,20,10060020,-3.759576685614244,42.604246338995765,0.0,0,0.6581023213883254
21,21,10060021,1.1036293246339584,52.85647537861856,0.0,0,0.5113531261561227
22,22,10060022,24.76556626103086,43.17987792442209,0.0,0,0.5268903538426865
23,23,10060023,-9.560188918140357,52.10027050928594,0.0,0,0.34456501047020743
24,24,10060024,48.25452483281821,63.51773996150491,0.0,0,0.0
25,25,10060025,52.86479003728272,59.38822678901384,0.0,0,4.431372549019606
26,26,10060026,14.601139764110124,64.26334357767351,0.0,0,0.7358360010670938
27,27,10060027,-9.283364770734416,39.07428321115744,0.0,0,1.8699186991869916
28,28,10060028,15.406845026150483,56.76151984478778,0.0,0,0.0
29,29,10060029,23.64998014160614,49.62401963912767,0.0,0,1.0629876950780313
30,30,10060030,20.743477539750447,51.66427967481676,0.0,0,2.2043374481980993
31,31,10060031,52.863578050468064,60.01032052726643,0.0,0,0.0
32,32,10060032,34.57960888454083,55.685295261272486,0.0,0,0.0
33,33,10060033,32.29597913628798,46.57495940060188,0.0,0,42.89195705456095
34,34,10060034,29.33078820291953,53.06615354360552,0.0,0,4.13452645209027
35,35,10060035,23.793580772705884,49.891396549091645,0.0,0,2.833419984155278
36,36,10060036,24.3512931998029,48.000233069777615,0.0,0,0.0
37,37,10060037,40.90981837306279,49.31463473529751,0.0,0,0.0
38,38,10060038,-7.493464000797543,54.59512738593977,0.0,0,0.7178030303030304
39,39,10060039,12.81751163182502,43.2863190102812,0.0,0,0.0
40,40,10060040,45.38509465103803,53.33251461012833,0.0,0,0.1647539857064321
41,41,10060041,22.27705728947817,41.59529711022998,0.0,0,0.0
42,42,10060042,46.42083022848759,51.51913981587185,0.0,0,0.0
43,43,10060043,53.04126887835781,56.08343414597131,0.0,0,0.1370614035087719
44,44,10060044,51.961297190461465,67.32193178036114,0.0,0,65.97767722473621
45,45,10060045,43.43569610402117,44.48932075731086,0.0,0,0.0
46,46,10060046,41.79655642269967,61.42443749064937,0.0,0,0.0
47,47,10060047,57.1646565524907,58.757024572098096,0.0,0,0.0
48,48,10060048,24.255991442316475,48.31770961244136,0.0,0,0.0
49,49,10060049,23.410728825257102,68.45164916960421,0.0,0,6.6482550579913635
50,50,10060050,23.14452237616894,54.26913635005264,0.0,0,0.48828476344666305
51,51,10060051,49.26782824644173,56.13155583039709,0.0,0,4.837085053319574
52,52,10060052,45.62519315755488,48.332723397011264,0.0,0,58.387778288398685
53,53,10060053,27.157912379389323,46.17529251996133,0.0,0,14.217551150895137
54,54,10060054,-3.846519061877224,41.298054214952,0.0,0,0.13020833333333331
55,55,10060055,39.07538388027876,58.76255579326468,0.0,0,0.0
56,56,10060056,49.23939571833664,66.68230052024143,0.0,0,1.3234152356594813
57,57,10060057,20.707929513356135,45.74718302994992,0.0,0,2.4442535166240407
58,58,10060058,44.19669226267991,45.62432033468468,0.0,0,1.669292717086835
59,59,10060059,20.489223641872904,49.49906474561515,0.0,0,0.5395908363345338
60,60,10060060,20.21849729559182,42.87284097624395,0.0,0,0.09202336991383644
61,61,10060061,39.70544962165965,51.74754850856173,0.0,0,1.37136604264632
62,62,10060062,19.733750361379244,47.63178694113677,0.0,0,6.1628467876512305
63,63,10060063,26.729043982059142,42.67832710710832,0.0,0,0.0
64,64,10060064,25.06888365273604,64.81196579174406,0.0,0,1.6016339869281044
65,65,10060065,6.6154182701823325,45.99124803041708,0.0,0,1.7847042663219133
66,66,10060066,44.09244907859632,52.29976849060975,0.0,0,0.0
67,67,10060067,42.250531778287765,53.4995221278109,0.0,0,0.0
68,68,10060068,22.06737836209944,37.89869211945359,0.0,0,0.7041273299443234
69,69,10060069,56.08025714049651,65.74307700120035,0.0,0,16.748774509803816
70,70,10060070,44.09126756732636,62.94989039026438,0.0,0,0.0
71,71,10060071,36.214127082582586,69.00629828551055,0.0,0,29.268044998898468
72,72,10060072,50.84415536884667,60.86011138024347,0.0,0,0.0
73,73,10060073,38.44171128361402,47.45860809753741,0.0,0,0.0
74,74,10060074,53.04281887505569,56.39566242290813,0.0,0,1.7712063086104008
75,75,10060075,48.027623312464335,61.875371019350936,0.0,0,16.505673565722574
76,76,10060076,31.248661486925187,49.29697568891827,0.0,0,0.2157738095238095
77,77,10060077,32.71118695381198,50.51368713235724,0.0,0,12.566605392156863
78,78,10060078,2.584575210327309,46.45655031854561,0.0,0,1.9366698292220121
79,79,10060079,54.09979937335785,52.16354469347435,0.0,0,0.015169902912621358
80,80,10060080,39.4578856101571,51.4340827433559,0.0,0,0.0
81,81,10060081,37.96966671543297,54.22052187564139,0.0,0,0.0
82,82,10060082,46.44442695296718,43.09059119658394,0.0,0,0.0
83,83,10060083,13.009683049320277,41.95516854924926,0.0,0,0.42387543252595145
84,84,10060084,52.72440516575656,64.72669980948531,0.0,0,0.846670108415075
85,85,10060085,59.81809277342092,50.80158781267683,0.0,0,0.0
86,86,10060086,44.80931971800668,53.68401845873375,0.0,0,0.05841121495327102
87,87,10060087,12.390666324729713,43.201706547375935,0.0,0,0.2782707910750507
88,88,10060088,33.2730960107688,58.30784193241973,0.0,0,0.09793793550478042
89,89,10060089,43.15791673417757,48.36345700752972,0.0,0,100.01608455882393
90,90,10060090,19.5302754753341,50.78996671722432,0.0,0,4.234987745098039
91,91,10060091,41.334701951936665,62.91267698779385,0.0,0,0.49107142857142855
92,92,10060092,26.910194813479656,43.08495896932115,0.0,0,0.0
93,93,10060093,28.143350744926185,52.31732572280355,0.0,0,7.255432220965314
94,94,10060094,31.96215202008095,60.421169544714985,0.0,0,100.17451360389036
95,95,10060095,31.54333719458769,60.92958029029058,0.0,0,100.22222534051744
96,96,10060096,40.30880400867435,62.41103576654328,0.0,0,0.0
97,97,10060097,27.74189653637578,50.38589089157707,0.0,0,0.6451153693800752
98,98,10060098,-6.659962440485068,37.06686617439465,0.0,0,2.954044117647061
99,99,10060099,23.01167789626357,67.61511209719207,0.0,0,1.336151226957849
100,100,10060100,47.73974794698428,47.67256348750932,0.0,0,0.0
101,101,10060101,9.709023774371223,44.28688828272178,0.0,0,0.4454450319453624
102,102,10060102,51.996049654354586,64.19801257927182,0.0,0,0.0
103,103,10060103,33.689163415549935,49.372753165771634,0.0,0,0.0
104,104,10060104,-1.2756214626709026,42.98960063994049,0.0,0,0.0
105,105,10060105,-4.972255544837173,55.022887899874455,0.0,0,0.0
106,106,10060106,22.975438845571777,43.42912136340287,0.0,0,2.3970170454545454
107,107,10060107,31.444221018023327,66.01819972892189,0.0,0,0.0
108,108,10060108,17.374396750705277,52.03213813964081,0.0,0,1.851484133608634
109,109,10060109,25.03955908232775,59.00822078356974,0.0,0,2.0960329696394684
110,110,10060110,22.11231761578865,46.46043900982925,0.0,0,0.0
111,111,10060111,17.587534607728113,50.64950294144024,0.0,0,4.758210784313727
112,112,10060112,9.135251067908374,41.93535799805928,0.0,0,0.281079001367989
113,113,10060113,44.1507972921834,68.40801549188464,0.0,0,13.834686331179851
114,114,10060114,50.42123850154884,54.30916314340259,0.0,0,0.0
115,115,10060115,-5.508009957672723,39.38848485111517,0.0,0,0.0
116,116,10060116,1.598285546692151,45.33686377390958,0.0,0,0.3434065934065934
117,117,10060117,20.461177524025214,47.09510927911493,0.0,0,0.39472643896268184
118,118,10060118,29.97609753641973,62.724229637369184,0.0,0,0.41979651572859356
119,119,10060119,28.286782540221143,54.53291341585203,0.0,0,0.028409090909090908
120,120,10060120,44.22086519513134,55.16563533695681,0.0,0,0.0
121,121,10060121,23.913205783866783,66.20057218115532,0.0,0,0.009889240506329115
122,122,10060122,26.38151460210936,51.79960160890098,0.0,0,1.189796306872264
123,123,10060123,48.572976752535965,54.00080949399408,0.0,0,0.25405786873676783
124,124,10060124,26.73367509901608,58.29473356236316,0.0,0,1.2352637335926107
125,125,10060125,45.92418139054343,53.38374568955875,0.0,0,0.0
126,126,10060126,46.258029455808064,45.821877735914526,0.0,0,0.0
127,127,10060127,32.57816555166526,46.21210162178495,0.0,0,0.0
128,128,10060128,24.06631429288304,45.002186976637056,0.0,0,3.0602532679738563
129,129,10060129,54.863793402058015,60.9114800529734,0.0,0,0.0
130,130,10060130,21.76546008597093,37.7059134701231,0.0,0,0.25865502450980393
131,131,10060131,-8.885597490773524,38.86931251153318,0.0,0,0.7388061932089909
132,132,10060132,42.50246001905332,63.26934222186393,0.0,0,0.08802816901408451
133,133,10060133,53.38766665485669,53.54769262059916,0.0,0,0.043402777777777776
134,134,10060134,44.99220804772987,55.76437463923212,0.0,0,0.0
135,135,10060135,50.607053676677694,66.88255209871947,0.0,0,2.1906015492616797
136,136,10060136,46.77340933378636,52.728275441279976,0.0,0,0.014880952380952382
137,137,10060137,51.44227649782957,58.2112414105223,0.0,0,0.0
138,138,10060138,44.27980990006402,68.2248336082459,0.0,0,38.26536137710897
139,139,10060139,49.17088164511084,42.84876047919063,0.0,0,100.00859251746697
140,140,10060140,38.92652449326173,57.35731087337941,0.0,0,0.0
141,141,10060141,34.03197849796307,51.8020015006889,0.0,0,1.0754294249439882
142,142,10060142,31.02654967244667,54.6917391399372,0.0,0,6.568516042780749
143,143,10060143,17.910882590505672,40.632391312672574,0.0,0,29.432919000933694
144,144,10060144,55.76569492790621,67.21544751067454,0.0,0,21.92301082018159
145,145,10060145,-5.761274871660645,40.07020389152324,0.0,0,4.646285597572362
146,146,10060146,30.672020346587,47.73556943946616,0.0,0,0.0
147,147,10060147,23.329311386835126,67.37617269987582,0.0,0,1.4250383888495157
148,148,10060148,41.57888566469976,46.30216196229463,0.0,0,0.0
149,149,10060149,19.66858305591631,46.31589583483868,0.0,0,0.1095809561282707
150,150,10060150,48.08540724045813,62.80796543547102,0.0,0,0.0
151,151,10060151,31.5757713212246,48.36920591173208,0.0,0,0.146484375
152,152,10060152,40.00206688949857,58.60625256233934,0.0,0,0.0
153,153,10060153,-4.9478884309245545,42.50939608996408,0.0,0,0.6734496124031008
154,154,10060154,-5.763731089361679,40.74146936835216,0.0,0,0.35896650326797386
155,155,10060155,15.024403511759123,40.80526401815551,0.0,0,0.0
156,156,10060156,-2.4534623096154764,41.490296380333234,0.0,0,0.4798154555940023
157,157,10060157,8.440966826635519,45.99652277491598,0.0,0,0.0
158,158,10060158,27.235410545200956,46.41471195762374,0.0,0,1.094282821824382
159,159,10060159,31.891931712933896,59.47613722469497,0.0,0,0.3785103785103785
160,160,10060160,-0.7249376073864244,52.914701385512046,0.0,0,0.20636792452830188
161,161,10060161,23.577409778781487,52.20506232381344,0.0,0,12.460760746606324
162,162,10060162,36.568281387781454,55.94106777816754,0.0,0,1.7279411764705876
163,163,10060163,35.20216828679657,50.730012954221394,0.0,0,0.9029411764705881
164,164,10060164,46.96658335819587,51.89457819996965,0.0,0,0.0
165,165,10060165,39.250479387827056,53.41769338455513,0.0,0,0.0
166,166,10060166,11.993245517515732,58.5982205422223,0.0,0,0.6790923336547734
167,167,10060167,21.247783268872865,48.5552307144572,0.0,0,16.894339767156865
168,168,10060168,57.93441742635338,53.85456628937728,0.0,0,0.0
169,169,10060169,22.717099240589327,47.00967509041829,0.0,0,0.05040322580645161
170,170,10060170,-8.995769057054787,39.08281270760987,0.0,0,6.305969033955046
171,171,10060171,50.800163033673925,51.60920935937347,0.0,0,0.0
172,172,10060172,-7.499961939866776,41.47766170639756,0.0,0,0.744281785112235
173,173,10060173,8.716746261480624,54.83300235454088,0.0,0,0.6091868915398326
174,174,10060174,45.340628211637934,50.99843159223272,0.0,0,0.0
175,175,10060175,29.450603360876304,54.5377561296698,0.0,0,0.014204545454545454
176,176,10060176,50.05764784835824,56.61116471846594,0.0,0,0.0
177,177,10060177,46.10621550616163,53.48660229250629,0.0,0,0.33069734004313445
178,178,10060178,-4.998415910973056,56.16306383154711,0.0,0,0.01358695652173913
179,179,10060179,28.51414750747126,55.58786376682702,0.0,0,0.01088127558715794
180,180,10060180,3.77726429125832,47.34704687811245,0.0,0,0.15168700458906967
181,181,10060181,-2.487416588520729,42.31586213426659,0.0,0,0.0
182,182,10060182,37.12304630725242,62.88148001136815,0.0,0,40.43439250700282
183,183,10060183,6.1462651198343545,52.53898365049178,0.0,0,21.324521475256773
184,184,10060184,53.4930868246195,64.05520513056064,0.0,0,19.652330110126258
185,185,10060185,28.0777708896178,58.1111473802784,0.0,0,0.02146807440925088
186,186,10060186,40.919418096333295,57.93875459043304,0.0,0,0.0
187,187,10060187,45.27381243994138,49.56762754566455,0.0,0,0.4053929264013298
188,188,10060188,2.6536455536488064,44.89276933098059,0.0,0,0.8966503267973855
189,189,10060189,-2.55456837344917,47.70629405143888,0.0,0,1.577362327909887
190,190,10060190,-8.112803393005406,39.67534664221626,0.0,0,1.0866997401370186
191,191,10060191,-0.2856179062818483,47.74755611285297,0.0,0,0.3067595459236326
192,192,10060192,44.67174875201162,48.86251869660185,0.0,0,98.7454517889631
193,193,10060193,49.72435122897851,53.89752794275272,0.0,0,0.05752995642701526
194,194,10060194,29.94153572001505,46.85513838903252,0.0,0,11.010304659498203
195,195,10060195,39.83099046997984,60.16199404135292,0.0,0,18.602988310708895
196,196,10060196,55.11128515058324,62.500980226781095,0.0,0,0.0
197,197,10060197,11.35447371161149,51.53123731527081,0.0,0,2.9942413858747385
198,198,10060198,-4.396627735490024,56.27344912539927,0.0,0,0.0
199,199,10060199,16.920825132214134,64.19859628051424,0.0,0,28.114172038678454
200,200,10060200,38.29390595546057,63.49572082399563,0.0,0,1.217734471410942
201,201,10060201,9.374048094085794,58.93823987000354,0.0,0,20.186689595192938
202,202,10060202,12.872859270085351,51.52351109517654,0.0,0,0.9394223375624761
203,203,10060203,21.95947305816152,45.50174248770026,0.0,0,0.0
204,204,10060204,18.740954934704902,43.3847786763341,0.0,0,0.0
205,205,10060205,59.23761698297595,65.76748407630292,0.0,0,20.06367926823334
206,206,10060206,10.267284974512066,52.07773608533542,0.0,0,3.957440986103179
207,207,10060207,14.627188181935225,57.9092917229217,0.0,0,0.5256410256410257
208,208,10060208,14.534144708964396,51.34741161201903,0.0,0,1.6046112072279888
209,209,10060209,-5.307597937615848,55.88330313290758,0.0,0,5.508524206142632
210,210,10060210,42.168385859878825,46.96781049163396,0.0,0,0.5400981996726678
211,211,10060211,45.47262365826527,51.85900862859227,0.0,0,0.0
212,212,10060212,32.8642845738107,60.72686646657778,0.0,0,0.01201923076923077
213,213,10060213,57.94488511161083,65.6045977661557,0.0,0,0.17319996180290298
214,214,10060214,-5.1105420913305295,40.72150814783368,0.0,0,1.183400443510738
215,215,10060215,14.009853952062675,58.04118264240608,0.0,0,1.1848958333333333
216,216,10060216,18.3101140255252,42.89700849827848,0.0,0,0.0
217,217,10060217,14.975895154571344,41.017265751555534,0.0,0,1.0607698961937715
218,218,10060218,10.305236863723112,61.35066547204177,0.0,0,0.5423024472947074
219,219,10060219,60.14057996820569,65.35479901636752,0.0,0,2.4333990132000505
220,220,10060220,34.01811245132348,62.63600175759524,0.0,0,84.49970905628408
221,221,10060221,-9.131957373817205,51.67728917462219,0.0,0,0.0
222,222,10060222,31.79826867775641,57.86668887260564,0.0,0,0.234375
223,223,10060223,16.523310776265298,59.41560246327512,0.0,0,1.4236274509803921
224,224,10060224,45.78755999224598,54.21887691800767,0.0,0,0.6253372908796548
225,225,10060225,-1.7929716884166786,41.42251197529919,0.0,0,0.5283304498269896
226,226,10060226,17.699483333416264,48.38971679479838,0.0,0,5.945414624183007
227,227,10060227,1.894593951812636,47.081859376346685,0.0,0,0.3484172924488944
228,228,10060228,48.94065508864973,51.73368358964264,0.0,0,1.1960427374833429
229,229,10060229,54.87836617574847,61.2885281715331,0.0,0,0.0
230,230,10060230,43.52965493481439,57.615122921812585,0.0,0,1.8355577525127695
231,231,10060231,33.71786120616981,49.2937986939706,0.0,0,0.0
232,232,10060232,5.373823107032925,47.32596303715094,0.0,0,2.6917621385706503
233,233,10060233,34.70158489048341,46.35570013620388,0.0,0,0.04796542272823108
234,234,10060234,22.878219301940103,65.86768300883377,0.0,0,3.6424946581196584
235,235,10060235,26.90608730276686,67.53932104752923,0.0,0,13.063097980155908
236,236,10060236,41.44030949875604,48.99614582357353,0.0,0,0.0
237,237,10060237,15.237948842485013,61.845945804661866,0.0,0,0.034722222222222224
238,238,10060238,52.92342168173023,64.67915151288832,0.0,0,0.0
239,239,10060239,26.73054810495362,49.42147900403895,0.0,0,3.2995698279311716
240,240,10060240,24.11040217814308,58.28446828244792,0.0,0,0.0
241,241,10060241,25.704023631882087,41.19948986275133,0.0,0,0.1786332179930796
242,242,10060242,-0.6600111530083602,45.17662291637895,0.0,0,5.248910675381265
243,243,10060243,34.88390750535445,68.52787046519946,0.0,0,23.471940500338036
244,244,10060244,43.454081734578615,50.42566369729837,0.0,0,0.359375
245,245,10060245,16.675103350135476,53.0336676871932,0.0,0,2.759745564892624
246,246,10060246,50.39416520745301,60.44869799188456,0.0,0,0.0
247,247,10060247,20.990129281225517,53.400309590318976,0.0,0,1.3266509433962264
248,248,10060248,47.988003681133065,56.7379364844181,0.0,0,2.923375169033129
249,249,10060249,14.072712369410024,59.33707906841925,0.0,0,39.702963071084504
250,250,10060250,-6.493298607921356,40.11482899898031,0.0,0,0.6487488415199258
251,251,10060251,16.965858570213438,64.29519783683659,0.0,0,20.908821862078163
252,252,10060252,21.94655497795965,62.4303410832165,0.0,0,4.823369565217392
253,253,10060253,16.164090093956982,52.37245086693854,0.0,0,2.3535892722473606
254,254,10060254,-5.498046042742084,40.171665391204094,0.0,0,0.0
255,255,10060255,19.239610883587545,47.73106346045331,0.0,0,5.9990325077399405
256,256,10060256,34.75095952899201,52.74954337562632,0.0,0,0.3076923076923077
257,257,10060257,9.46194885134558,42.84619737687243,0.0,0,1.0723039215686276
258,258,10060258,31.494071973129632,50.97142077597095,0.0,0,0.0
259,259,10060259,52.93350391792097,53.60021695674966,0.0,0,0.6130886934212937
260,260,10060260,34.58595535450645,55.40250699763357,0.0,0,0.0
261,261,10060261,37.665357558826834,52.82432801158444,0.0,0,0.0
262,262,10060262,41.44639325794777,52.81705830559302,0.0,0,0.7630988716241213
263,263,10060263,25.925497699006645,63.78446182651335,0.0,0,0.4153989181879648
264,264,10060264,2.8656330691052694,42.67253282448319,0.0,0,19.95450191570882
265,265,10060265,46.604621007516855,58.32656455806401,0.0,0,0.14204545454545456
266,266,10060266,17.777352673077424,43.974176440259846,0.0,0,0.0
267,267,10060267,9.498749894709036,53.1002759914565,0.0,0,1.093865612282649
268,268,10060268,40.93649495503368,65.54718609808108,0.0,0,13.411677170868355
269,269,10060269,35.14017537804917,57.30841374125524,0.0,0,0.0
270,270,10060270,32.522548411282806,66.4997689261016,0.0,0,18.641735600490193
271,271,10060271,29.199600880655115,68.01065304217434,0.0,0,0.009191176470588236
272,272,10060272,55.011376568091855,56.37779242521249,0.0,0,0.0
273,273,10060273,32.415122981067505,50.79194226235736,0.0,0,1.7538043397099892
274,274,10060274,34.412860653036404,48.042259126071336,0.0,0,0.16276041666666669
275,275,10060275,1.3808624944458958,49.21699002044238,0.0,0,16.401247999199683
276,276,10060276,28.709956493910447,48.53562772107436,0.0,0,1.8338311887254901
277,277,10060277,13.65940410851453,46.33664677789443,0.0,0,0.2816578136271231
278,278,10060278,33.83091256019649,68.48349368362983,0.0,0,44.88481096461549
279,279,10060279,16.10967902176118,41.37804783980626,0.0,0,68.81682525951555
280,280,10060280,12.146998856469295,44.08720782931805,0.0,0,0.9480337078651686
281,281,10060281,56.85590649556997,56.70190371509692,0.0,0,0.0
282,282,10060282,13.227809146710308,62.82598252838367,0.0,0,27.992778361344534
283,283,10060283,4.981216223219846,44.60857043873283,0.0,0,0.9129213483146067
284,284,10060284,28.791977041470187,66.86420566716555,0.0,0,0.25054466230936817
285,285,10060285,33.25949658537425,50.84574188837129,0.0,0,2.5061881188118815
286,286,10060286,35.9420425196877,60.69388149099324,0.0,0,0.06009615384615385
287,287,10060287,42.88597866386861,65.00848686459152,0.0,0,0.05506535947712418
288,288,10060288,26.301864028209064,61.54260953778961,0.0,0,6.00796920375498
289,289,10060289,42.02361338346029,63.64333608979421,0.0,0,3.1590839460784315
290,290,10060290,22.91549684389946,49.10687900628472,0.0,0,0.0
291,291,10060291,39.189267908657605,61.507651956888246,0.0,0,0.6109022556390977
292,292,10060292,43.24317761833559,60.76771079696305,0.0,0,0.0
293,293,10060293,21.613889920899837,38.900771858787785,0.0,0,4.664634146341463
294,294,10060294,57.46630105344104,51.104581826190376,0.0,0,0.0
295,295,10060295,25.379529946881394,35.312547260038386,0.0,0,15.51337041226748
296,296,10060296,47.46493023033997,51.75003139125749,0.0,0,9.357866933181038
297,297,10060297,33.02957959620384,47.3364241780556,0.0,0,0.08793544013350021
298,298,10060298,16.585767303372208,44.38110031814649,0.0,0,0.0
299,299,10060299,4.72070925931373,47.6149459367499,0.0,0,0.4820478723404255
300,300,10060300,46.900210619174494,64.27013812485613,0.0,0,0.0
301,301,10060301,41.08477351436456,52.243430486422085,0.0,0,0.0
302,302,10060302,45.73998442069973,49.80868279154258,0.0,0,0.04783163265306122
303,303,10060303,46.88644976010518,42.15701802833199,0.0,0,0.018168604651162792
304,304,10060304,12.177742598286564,55.61841813317499,0.0,0,8.406700069408291
305,305,10060305,56.28991742239333,56.78879281444574,0.0,0,7.489224137931035
306,306,10060306,64.15926481353524,66.847504476737,0.0,0,3.197356874848704
307,307,10060307,22.83424919235416,48.30577765473807,0.0,0,0.6496374591503268
308,308,10060308,0.2662834383717508,46.88051535237532,0.0,0,0.7219850305713682
309,309,10060309,19.81472300285061,45.93730162731938,0.0,0,0.0
310,310,10060310,36.59712340920323,68.22720759210334,0.0,0,68.58958190834464
311,311,10060311,12.926760790197015,46.645975628861976,0.0,0,1.1412212734556184
312,312,10060312,24.508375323266133,43.7467148085677,0.0,0,7.63647504456328
313,313,10060313,16.066512108846133,45.011262375152725,0.0,0,1.4017094017094018
314,314,10060314,12.648750065625288,46.8796024003241,0.0,0,2.757418827746152
315,315,10060315,22.03484074603226,43.38708923863302,0.0,0,0.19734617985125089
316,316,10060316,11.8517755227544,51.81777925839203,0.0,0,2.840876641918903
317,317,10060317,51.83428069263247,51.75485063264668,0.0,0,0.0
318,318,10060318,40.48744872203469,58.42455433055713,0.0,0,0.0
319,319,10060319,25.66012656564729,56.6697715208534,0.0,0,0.1340115787694388
320,320,10060320,61.55519898368277,69.18610310235249,0.0,0,6.361492222587363
321,321,10060321,15.8764133223483,45.05351636698704,0.0,0,0.5954520697167756
322,322,10060322,26.55309686141365,63.56393307612466,0.0,0,4.689171122994653
323,323,10060323,15.320036707738485,46.07109065397356,0.0,0,0.1358695652173913
324,324,10060324,54.02266636428714,55.87486593790874,0.0,0,0.5703474372205022
325,325,10060325,-2.1624504439887406,40.98664021487815,0.0,0,0.38748832866479926
326,326,10060326,15.028923356135252,66.6590073572379,0.0,0,60.37476403604883
327,327,10060327,31.030086713528384,48.92665649190163,0.0,0,1.2064129775621588
328,328,10060328,47.87039939930159,62.1827724181872,0.0,0,43.00875733505081
329,329,10060329,35.85164773614658,57.143962693518326,0.0,0,1.433875456962446
330,330,10060330,47.07935877162704,44.74809527666648,0.0,0,99.79970043572986
331,331,10060331,33.653422244358055,59.34333348073599,0.0,0,0.15700980392156863
332,332,10060332,1.726916333136678,48.72324576501615,0.0,0,0.7649739583333333
333,333,10060333,17.018826434749414,68.66057448982086,0.0,0,5.740725267379679
334,334,10060334,24.519494556873763,51.38047863983139,0.0,0,0.07659313725490197
335,335,10060335,-7.654496650635092,53.04550157126304,0.0,0,0.0
336,336,10060336,35.074824735792824,67.06050491296547,0.0,0,7.7949828350405825
337,337,10060337,10.713308510176557,52.13853634309819,0.0,0,2.0045013197586727
338,338,10060338,58.10750086169384,60.9380697789373,0.0,0,0.0
339,339,10060339,9.662553537012457,49.14696785818728,0.0,0,0.09942894683646654
340,340,10060340,62.10404096804984,68.17303913367292,0.0,0,25.48535861713107
341,341,10060341,38.56399548669783,67.96282008657066,0.0,0,42.31545132846044
342,342,10060342,52.71839209426162,54.657651503628585,0.0,0,0.028153153153153154
343,343,10060343,10.429591342746212,48.84102151139399,0.0,0,3.1108500101071352
344,344,10060344,41.01056930908487,56.9888221971425,0.0,0,44.36918677727499
345,345,10060345,45.39398797371923,51.08997638169196,0.0,0,0.07735148514851485
346,346,10060346,17.964158988829716,64.56495376530196,0.0,0,0.5263811605723371
347,347,10060347,55.088049594051455,51.94350540409175,0.0,0,4.571137921187893
348,348,10060348,0.4906762621768084,50.8505110589881,0.0,0,33.34819695204806
349,349,10060349,45.93055430015456,55.93260295511404,0.0,0,0.0
350,350,10060350,21.31909504650148,43.22837989968854,0.0,0,0.0
351,351,10060351,49.40987855282261,42.73831495233489,0.0,0,99.82807922019418
352,352,10060352,-1.7014819304136937,51.55941827061034,0.0,0,0.780030458785456
353,353,10060353,55.02173790177392,52.6302989622115,0.0,0,0.014880952380952382
354,354,10060354,7.1054429647231885,44.93139078100078,0.0,0,1.4170751633986929
355,355,10060355,27.84089256741638,65.57182854824217,0.0,0,1.948051948051948
356,356,10060356,6.143904768844208,44.88830760609707,0.0,0,19.41966230936818
357,357,10060357,21.833385870649376,48.59189195817477,0.0,0,2.55789164624183
358,358,10060358,45.1518729175662,48.95441362661841,0.0,0,1.721687386294724
359,359,10060359,-8.761583574787108,51.58101019857936,0.0,0,58.61964333244607
360,360,10060360,58.42227292607628,60.51419433090277,0.0,0,0.02422480620155039
361,361,10060361,-8.172894066898145,40.24897133948492,0.0,0,5.941634183794
362,362,10060362,28.84728873378515,54.26239802905288,0.0,0,1.1813050908436769
363,363,10060363,-5.181942112115307,36.89538131751458,0.0,0,1.7460908413998506
364,364,10060364,44.60125689683216,64.12135860035842,0.0,0,0.0443190975020145
365,365,10060365,9.676923902883416,50.59403213784039,0.0,0,1.1587009803921566
366,366,10060366,26.024710474288156,41.571887821733206,0.0,0,3.427047289504037
367,367,10060367,25.4028098180165,42.8834850555986,0.0,0,0.13297272932161372
368,368,10060368,25.415019500695667,46.035021157125385,0.0,0,2.8285512574595058
369,369,10060369,45.86343127936253,56.37480352868523,0.0,0,17.54997868712704
370,370,10060370,56.75665974778267,52.71824894260069,0.0,0,0.8061974789915966
371,371,10060371,21.51394355604208,42.089225451446616,0.0,0,0.0
372,372,10060372,23.226268280732985,52.7413164507491,0.0,0,0.21586134453781514
373,373,10060373,57.01851967380428,62.21305273733349,0.0,0,0.0
374,374,10060374,19.83038948459581,40.615142026038725,0.0,0,0.13020833333333331
375,375,10060375,12.251271826160943,41.84810984633837,0.0,0,14.06214375284999
376,376,10060376,23.12735155619471,40.58933690754762,0.0,0,0.30120481927710846
377,377,10060377,25.99356603056816,56.7679396741224,0.0,0,0.4983836206896552
378,378,10060378,16.256722518276813,57.41024432278999,0.0,0,4.171547856430709
379,379,10060379,41.5540863385308,61.0766834641772,0.0,0,0.0
380,380,10060380,49.54798600847581,65.88599535320097,0.0,0,1.4783653846153846
381,381,10060381,42.399362680301614,65.10919486089598,0.0,0,2.6992841838722246
382,382,10060382,3.0701668092242307,50.17802766210949,0.0,0,2.3774395539101425
383,383,10060383,43.64400219264979,62.10106093191903,0.0,0,12.301038062283652
384,384,10060384,23.124693716595985,41.54851198940484,0.0,0,0.0
385,385,10060385,47.86205911878867,41.51482711883997,0.0,0,0.07352941176470588
386,386,10060386,8.396665547237609,45.71018428062819,0.0,0,0.0
387,387,10060387,25.5477637492119,47.475222712225175,0.0,0,0.06648936170212766
388,388,10060388,45.54592819137152,51.019264651084136,0.0,0,0.016820453671664744
389,389,10060389,9.53104308824154,50.95434810383792,0.0,0,1.5131770529994175
390,390,10060390,48.91961822534885,66.8586510942207,0.0,0,3.5460961212595183
391,391,10060391,24.56498941160024,50.10676406052912,0.0,0,0.10937500000000001
392,392,10060392,59.07187457475779,51.53963552662977,0.0,0,0.0
393,393,10060393,15.58997388746928,56.784368440663975,0.0,0,0.0
394,394,10060394,-6.219702252082132,54.94322370865239,0.0,0,0.23562023562023562
395,395,10060395,40.30983939826298,53.755440397156185,0.0,0,0.030240105301379803
396,396,10060396,43.09887750115548,53.43363851306098,0.0,0,0.0
397,397,10060397,12.765206058893746,46.92961696973581,0.0,0,11.093387623866755
398,398,10060398,-3.4682590358687237,56.60234968649959,0.0,0,0.20380434782608695
399,399,10060399,26.610618594584334,55.6575073843512,0.0,0,8.512493492972427
400,400,10060400,31.266140912838104,47.04281929677346,0.0,0,0.0
401,401,10060401,40.48990703228804,64.15433091961927,0.0,0,14.39745333064733
402,402,10060402,42.86441687030228,48.913174299506686,0.0,0,0.0
403,403,10060403,17.728368748013565,52.43913526404626,0.0,0,1.3671875
404,404,10060404,46.20333457865731,45.02788720160033,0.0,0,0.0
405,405,10060405,10.433434023366816,57.60717717882465,0.0,0,46.40734121702977
406,406,10060406,47.23393328593114,52.49683530675857,0.0,0,0.0
407,407,10060407,49.079998177745885,67.84770336898296,0.0,0,98.52122769908998
408,408,10060408,21.454709742722244,39.64408745228991,0.0,0,0.0
409,409,10060409,21.492112611177365,48.75611253811017,0.0,0,1.6885865170810592
410,410,10060410,56.596112128664544,53.46459403607389,0.0,0,0.0
411,411,10060411,26.868535711924896,62.77662381846315,0.0,0,87.64603882504895
412,412,10060412,-5.91189926978663,39.233901106733136,0.0,0,0.038109756097560975
413,413,10060413,49.25131976843574,66.17180415854018,0.0,0,65.5604861371297
414,414,10060414,15.6022195849504,62.04709410260535,0.0,0,0.0
415,415,10060415,59.71771356472821,51.59440445947861,0.0,0,0.0
416,416,10060416,21.933159835605117,67.11885493397351,0.0,0,0.20306521999043517
417,417,10060417,6.811222535332277,48.036021883729966,0.0,0,0.20214205473856212
418,418,10060418,31.79222251412053,65.68860414327489,0.0,0,91.10158836261733
419,419,10060419,48.53506862908515,55.85128700102598,0.0,0,38.334634738851264
420,420,10060420,-1.2340018565991444,49.37732414808911,0.0,0,1.790591236494598
421,421,10060421,23.5707995243248,55.59989557972902,0.0,0,0.4045758928571429
422,422,10060422,8.813761995186915,60.23379171674569,0.0,0,0.15869140625
423,423,10060423,28.085336363907047,56.08998707918188,0.0,0,12.603252923976637
424,424,10060424,23.140523096256835,51.07161815934647,0.0,0,0.09712919821393905
425,425,10060425,0.4247850810030414,41.37040231057623,0.0,0,0.2749711649365628
426,426,10060426,42.55115123178233,46.94675541208424,0.0,0,0.0
427,427,10060427,15.126787707362304,64.90784526180762,0.0,0,43.58451797385598
428,428,10060428,-4.486120663712533,57.83967744543165,0.0,0,0.0
429,429,10060429,6.391189505781923,43.9449617797284,0.0,0,0.3029990085922009
430,430,10060430,1.001469604040105,43.41726343749032,0.0,0,0.22594975490196081
431,431,10060431,32.84207676391785,62.09347267274699,0.0,0,2.041514598540146
432,432,10060432,47.94535894077845,44.07050981207003,0.0,0,99.76040978188996
433,433,10060433,44.80224085180253,48.7434795468868,0.0,0,10.466633818475845
434,434,10060434,24.48447103754544,54.66975400424609,0.0,0,0.6676136363636364
435,435,10060435,43.78376385278977,63.88518756253692,0.0,0,7.569303583502367
436,436,10060436,0.592891990231588,49.08191636299514,0.0,0,22.102653561424543
437,437,10060437,9.977305407103678,47.81577966071427,0.0,0,3.443885448916407
438,438,10060438,14.738877143667455,53.19814481940976,0.0,0,4.141405382907879
439,439,10060439,12.365312731793582,62.71754638518357,0.0,0,1.394193468754408
440,440,10060440,26.3698894443572,65.86285296684288,0.0,0,4.938923149905123
441,441,10060441,43.42130852514058,45.65307269571343,0.0,0,0.0
442,442,10060442,6.617821742509858,52.10332044391818,0.0,0,3.1715210355987047
443,443,10060443,-3.375151424527367,43.38167885047196,0.0,0,1.769092580213904
444,444,10060444,47.17482945435899,60.61182912791735,0.0,0,0.6909879336349926
445,445,10060445,19.93698375621211,43.0000794190124,0.0,0,0.1257183908045977
446,446,10060446,18.2280666968629,46.42814056942657,0.0,0,8.664282289002557
447,447,10060447,45.81715276929172,55.57667830629614,0.0,0,0.19401787263577996
448,448,10060448,37.9693058315292,60.77105463279232,0.0,0,11.246919596240849
449,449,10060449,42.5016213845687,50.82859426058597,0.0,0,11.94361065065782
450,450,10060450,45.07364038538134,59.11031712436013,0.0,0,0.0
451,451,10060451,9.893597863043691,62.28097345212867,0.0,0,53.042525404322575
452,452,10060452,35.16395889199721,61.62514641550459,0.0,0,100.16781899326992
453,453,10060453,59.69045817668278,66.41340622012983,0.0,0,18.08291712911582
454,454,10060454,40.58335948087371,57.19070697776354,0.0,0,0.23724233283056814
455,455,10060455,11.955783665350204,46.895091288833,0.0,0,10.577693442968588
456,456,10060456,59.55215108731691,67.9280568476728,0.0,0,66.31823587423118
457,457,10060457,35.92579275971307,49.675491078540674,0.0,0,0.03188775510204082
458,458,10060458,10.918530875299282,44.36755104982069,0.0,0,1.9552764926195194
459,459,10060459,48.588033111232114,60.912292621660974,0.0,0,0.0
460,460,10060460,15.00952837647944,60.78895198348544,0.0,0,0.2176659125188537
461,461,10060461,16.827872882467116,51.63211536625932,0.0,0,10.077336759946695
462,462,10060462,0.1342835652035608,48.06034791865597,0.0,0,10.358720330237363
463,463,10060463,55.30407271391362,50.699811138877216,0.0,0,0.0
464,464,10060464,39.8546858372645,61.790786711764326,0.0,0,0.0
465,465,10060465,50.08756986275266,57.868588316972605,0.0,0,0.03878474466709761
466,466,10060466,39.12575842282061,47.56606867136296,0.0,0,0.0
467,467,10060467,58.20221952912706,59.24223584985052,0.0,0,0.0
468,468,10060468,-8.110909865574712,41.27500682718514,0.0,0,9.241983852364461
469,469,10060469,26.2974239179122,67.85167139026892,0.0,0,2.849010906137603
470,470,10060470,24.577663957769012,56.450759968511385,0.0,0,0.6709825234441603
471,471,10060471,33.08714810126141,60.419581033387495,0.0,0,0.012112403100775194
472,472,10060472,0.2068378173348622,42.422114087686005,0.0,0,0.0
473,473,10060473,-1.955297555911804,52.24520609568127,0.0,0,2.1145008484162897
474,474,10060474,27.99025862410532,67.42913879892626,0.0,0,1.3605155917788803
475,475,10060475,12.714408097645348,64.49752118261587,0.0,0,14.973875529941704
476,476,10060476,47.39221884337428,53.31849340301264,0.0,0,0.0294811320754717
477,477,10060477,56.80902343958535,53.160393243309095,0.0,0,0.2491066520065971
478,478,10060478,22.92369337514336,53.19367972444034,0.0,0,2.461595378354535
479,479,10060479,46.233904416230274,55.22760728142988,0.0,0,0.0
480,480,10060480,18.93483724984408,64.94428033537426,0.0,0,5.314001428385923
481,481,10060481,13.990109891212496,55.60442501128523,0.0,0,0.728515963907687
482,482,10060482,9.018968507570236,44.42828816384809,0.0,0,4.101261291033268
483,483,10060483,-2.286508796379815,40.741711954353285,0.0,0,0.0
484,484,10060484,11.478656013344386,60.74089979562395,0.0,0,0.4807692307692308
485,485,10060485,26.67196802559385,52.26274065094435,0.0,0,0.3455528846153846
486,486,10060486,2.9197624280530587,48.503184320431714,0.0,0,0.06510416666666666
487,487,10060487,46.57007033563443,49.02387844473353,0.0,0,0.0
488,488,10060488,11.39557281431948,48.168735997154656,0.0,0,5.323988970588236
489,489,10060489,50.40869390462571,55.6951899854513,0.0,0,1.6179181849731044
490,490,10060490,-5.041752499180748,38.427034334311074,0.0,0,3.147542967804405
491,491,10060491,9.129810543515436,52.90264666442541,0.0,0,0.35714285714285715
492,492,10060492,46.2038200865273,66.11042506777002,0.0,0,2.029357125015612
493,493,10060493,14.88931985322075,46.92217637183126,0.0,0,0.2419691280767626
494,494,10060494,21.80985875637638,46.079802745495,0.0,0,7.770473678601874
495,495,10060495,26.65287294333968,68.35793119518056,0.0,0,10.35078771392949
496,496,10060496,17.121262421594,51.2332657532705,0.0,0,7.147190984236832
497,497,10060497,48.292359897970094,53.94304584500305,0.0,0,0.0
498,498,10060498,40.04467009623402,53.70290969654668,0.0,0,12.214449437182278
499,499,10060499,44.41458506978536,46.71443003357476,0.0,0,3.6005434782608696
500,500,10060500,40.409884941699886,67.60097110536088,0.0,0,17.38168183940241
501,501,10060501,57.92407490228697,55.91953262223176,0.0,0,0.0
502,502,10060502,47.17043038607428,45.950680527637154,0.0,0,65.96807065217378
503,503,10060503,7.775929591906297,45.48927093226658,0.0,0,4.670531674208145
504,504,10060504,43.53827134842325,44.72406334071125,0.0,0,16.218341503267975
505,505,10060505,11.481240142458002,44.07738095203254,0.0,0,0.021376448306595363
506,506,10060506,18.43213458577617,57.41015347635932,0.0,0,0.25558740445330674
507,507,10060507,35.382237301520604,52.63321782912069,0.0,0,0.5952380952380952
508,508,10060508,39.26424556032273,61.90674089671703,0.0,0,0.0
509,509,10060509,26.975661821264936,44.880016957167854,0.0,0,0.40335176805765044
510,510,10060510,43.48809263983732,54.01770399792747,0.0,0,0.39862472766884527
511,511,10060511,52.11179938908344,58.18965689846421,0.0,0,0.0
512,512,10060512,29.428190953916783,54.50671960896286,0.0,0,0.0
513,513,10060513,19.715627541147164,43.5355051605704,0.0,0,0.03551136363636364
514,514,10060514,15.798710315160536,44.96921958760598,0.0,0,0.7277609268559493
515,515,10060515,43.101998736335695,55.093079572863424,0.0,0,0.19707207207207206
516,516,10060516,31.168258206635773,65.57946340337905,0.0,0,9.11716959511078
517,517,10060517,12.275077529807788,49.8549924868716,0.0,0,1.3099747474747474
518,518,10060518,40.411420782663065,58.24749540105311,0.0,0,0.34329307056579783
519,519,10060519,19.777633086853957,44.34503976591962,0.0,0,0.24578651685393257
520,520,10060520,57.66679725462187,53.1360638043577,0.0,0,0.0
521,521,10060521,23.236342618950317,54.740749064080894,0.0,0,1.1647727272727273
522,522,10060522,13.659476241857048,56.60678239978044,0.0,0,1.440217391304348
523,523,10060523,25.81760337720712,45.11371353959037,0.0,0,0.08680555555555555
524,524,10060524,-9.064195280804888,53.80596967373369,0.0,0,0.11396011396011395
525,525,10060525,55.61485205701389,51.59868319159466,0.0,0,0.0
526,526,10060526,25.83378899780203,42.71967947365228,0.0,0,0.0
527,527,10060527,33.78285524244817,48.298097265660665,0.0,0,0.0
528,528,10060528,22.418663861190065,54.01172569163244,0.0,0,0.607638888888889
529,529,10060529,30.01023097177436,64.05713276835004,0.0,0,0.010775862068965518
530,530,10060530,2.160333796072162,43.9640419451594,0.0,0,11.74928398325623
531,531,10060531,-2.1859065349116515,37.55918410305875,0.0,0,0.0
532,532,10060532,54.48661051803706,61.16557477870949,0.0,0,4.185063302710368
533,533,10060533,26.929816069123927,47.37164424063506,0.0,0,5.510925114726741
534,534,10060534,44.46007130292899,59.09248588382388,0.0,0,0.0
535,535,10060535,21.806157695630908,53.05778226756251,0.0,0,0.7632722900480947
536,536,10060536,10.610670298760049,49.598418503172766,0.0,0,2.074049316696376
537,537,10060537,16.28913558569921,46.81380419844348,0.0,0,0.6720430107526881
538,538,10060538,21.41345167412748,50.9964878009647,0.0,0,2.6384719919955795
539,539,10060539,31.16214082073088,50.97103752797773,0.0,0,3.433192583964279
540,540,10060540,47.21205887477917,58.27223715669752,0.0,0,0.0
541,541,10060541,41.65912459059441,58.48092269577636,0.0,0,0.1678719008264463
542,542,10060542,42.17763632060115,53.53589294610354,0.0,0,0.0
543,543,10060543,20.85398058777862,44.80369841179762,0.0,0,0.7848583877995643
544,544,10060544,16.27216992021707,46.07374420451861,0.0,0,1.619578537936914
545,545,10060545,24.69427154061604,63.72846366203487,0.0,0,3.9080797249455332
546,546,10060546,25.89393835344332,55.66067601424442,0.0,0,5.5693106888773265
547,547,10060547,14.516082071012644,67.29753066567248,0.0,0,10.891636957813432
548,548,10060548,41.17410781183351,49.30638973623946,0.0,0,0.0
549,549,10060549,35.452979866902666,56.10591960912084,0.0,0,0.1507675438596491
550,550,10060550,32.00309587261141,47.245260146959644,0.0,0,0.0
551,551,10060551,22.869061270165776,42.805402320047726,0.0,0,0.08336183310533515
552,552,10060552,-5.298824334291552,38.2970908341947,0.0,0,9.178309973144978
553,553,10060553,60.72357538054462,50.83640020439369,0.0,0,7.451463046757165
554,554,10060554,54.94509954753773,58.89417752556484,0.0,0,0.0
555,555,10060555,14.459111806610364,64.24729929987183,0.0,0,1.5837585034013606
556,556,10060556,45.11947759035095,47.27543687955665,0.0,0,0.0
557,557,10060557,34.58522176881835,65.50361861216207,0.0,0,2.793839126559715
558,558,10060558,16.61018817859445,57.57389034828049,0.0,0,60.04665101334654
559,559,10060559,25.777802118744813,61.49890335828331,0.0,0,0.06555911838419579
560,560,10060560,26.269799144081524,50.24533289620529,0.0,0,0.015625
561,561,10060561,56.35116489636244,62.94914741284152,0.0,0,1.0229366569322769
562,562,10060562,15.427864039851256,65.87301214929288,0.0,0,5.134962049335863
563,563,10060563,-4.500472568159708,39.71466433536905,0.0,0,0.01882530120481928
564,564,10060564,58.506113008961655,51.821846671020666,0.0,0,0.0
565,565,10060565,0.6545906776188513,42.96687438009124,0.0,0,2.3981553717862027
566,566,10060566,43.9494207637628,53.64160420324649,0.0,0,0.0
567,567,10060567,28.20617580337979,44.072942093104665,0.0,0,8.34799790702798
568,568,10060568,20.174034327020937,40.59331200779026,0.0,0,0.5952380952380952
569,569,10060569,18.3704386338082,68.69390715805179,0.0,0,49.03743158801998
570,570,10060570,57.27851681135645,63.26705643790529,0.0,0,0.721605131414268
571,571,10060571,17.078129471294123,50.30703164997518,0.0,0,1.9669117647058822
572,572,10060572,54.151049973363584,56.79424987326962,0.0,0,95.74676344896959
573,573,10060573,55.484587368232205,61.53911532063503,0.0,0,0.0
574,574,10060574,57.05451264169724,58.49914871033058,0.0,0,0.0
575,575,10060575,36.99237740583136,49.35924732684624,0.0,0,0.01594387755102041
576,576,10060576,16.399611714384758,39.082782115886346,0.0,0,0.41920731707317077
577,577,10060577,31.455167043520497,54.17057030351398,0.0,0,0.028669724770642203
578,578,10060578,50.998207672784375,59.295732946290414,0.0,0,0.08965686274509804
579,579,10060579,42.81831329904725,50.46539246442253,0.0,0,0.0
580,580,10060580,6.279456314767394,46.74860500460733,0.0,0,2.118714421252372
581,581,10060581,18.53370894644685,57.50454437035391,0.0,0,0.1986228813559322
582,582,10060582,18.858978231530088,66.1577685168789,0.0,0,8.638193410275502
583,583,10060583,15.2457657940083,66.5304606525142,0.0,0,90.77259497548974
584,584,10060584,42.57176383572588,58.75522978180222,0.0,0,51.72306703261385
585,585,10060585,16.80277124355941,58.91166585929866,0.0,0,1.321636378128487
586,586,10060586,52.87323872674682,63.37275535225493,0.0,0,1.6468039003250272
587,587,10060587,28.161117734128588,48.28246984369891,0.0,0,0.146484375
588,588,10060588,4.220395340693008,47.9866259702866,0.0,0,1.4531733746130029
589,589,10060589,29.57189831320565,66.3138612578093,0.0,0,6.012270414494917
590,590,10060590,8.887988030148033,53.26903558056284,0.0,0,7.7744057528671835
591,591,10060591,54.55041071634713,52.82658733428561,0.0,0,0.0
592,592,10060592,25.441239652448548,58.217808260368095,0.0,0,0.0
593,593,10060593,36.44420130149648,59.653503419241446,0.0,0,0.009045284780578897
594,594,10060594,23.175617240402783,69.25784642765471,0.0,0,27.302151416122
595,595,10060595,15.590330383124002,45.041415075476735,0.0,0,0.0
596,596,10060596,21.270063973527144,69.424133233428,0.0,0,18.90999079189687
597,597,10060597,27.41901122509055,46.016180016593495,0.0,0,1.2699983839689721
598,598,10060598,48.17560128656091,58.1211524264212,0.0,0,0.0
599,599,10060599,41.6031642004484,55.099040051463206,0.0,0,4.333598304186539
600,600,10060600,12.021166286263446,42.47491695226732,0.0,0,0.05387931034482758
601,601,10060601,35.93985414014345,63.97210888205542,0.0,0,23.156602694128015
602,602,10060602,19.53929247804134,41.2559868903908,0.0,0,8.913638985005774
603,603,10060603,24.097675772972227,63.18734169643261,0.0,0,1.4450321840545537
604,604,10060604,54.64449132489222,55.74986281036267,0.0,0,0.0
605,605,10060605,17.8634782645555,67.4592391545152,0.0,0,50.64943597921098
606,606,10060606,30.42882656753144,53.51109114386827,0.0,0,0.004352208172988822
607,607,10060607,10.752960505038669,52.50005757222883,0.0,0,8.626342203548084
608,608,10060608,9.339242767062109,54.90002491348643,0.0,0,0.20242669139727962
609,609,10060609,41.89130719264023,44.54776551657371,0.0,0,0.514501633986928
610,610,10060610,29.243772123332,67.7713118575199,0.0,0,0.22189349112426035
611,611,10060611,-6.200713505939495,36.80249230442345,0.0,0,0.01977848101265823
612,612,10060612,28.79728541860268,49.67719435599198,0.0,0,4.671222024163201
613,613,10060613,27.38781998696268,49.99846345021431,0.0,0,0.34387997623291744
614,614,10060614,58.34948454763488,59.863979238634855,0.0,0,0.0
615,615,10060615,29.174985477039897,47.06588269721729,0.0,0,1.2275761368377138
616,616,10060616,2.6299002321760923,48.17719178355109,0.0,0,0.6822755417956657
617,617,10060617,47.45032103535743,57.15326664832556,0.0,0,0.0
618,618,10060618,13.931960134682296,59.169120410295,0.0,0,100.38098908918435
619,619,10060619,30.35044968904053,67.44052112721764,0.0,0,1.5689227498228209
620,620,10060620,15.523459418162748,60.70132741286453,0.0,0,1.1177884615384615
621,621,10060621,44.75443119947118,60.23356762409465,0.0,0,1.5980200674019622
622,622,10060622,32.22094099817313,49.65702335010237,0.0,0,0.3787878787878788
623,623,10060623,-7.186435301557724,39.840185502604335,0.0,0,0.3371574533427829
624,624,10060624,47.03797869850002,63.98514485454826,0.0,0,0.18318965517241378
625,625,10060625,36.002022404501815,47.37929270827929,0.0,0,0.0
626,626,10060626,45.82641811108488,54.41548998612336,0.0,0,1.3299910873440286
627,627,10060627,56.01521458116753,59.48146368432363,0.0,0,0.0
628,628,10060628,27.26867779230836,49.61904647297391,0.0,0,0.24342691622103388
629,629,10060629,31.257487233972576,55.97566194010663,0.0,0,7.081739038395385
630,630,10060630,49.77627462623113,61.23051628385738,0.0,0,0.0
631,631,10060631,47.10518855421655,52.51123346261902,0.0,0,0.18028846153846154
632,632,10060632,11.11213856753437,51.79862667620236,0.0,0,3.5170378831144116
633,633,10060633,42.25998019041549,43.273771191008,0.0,0,1.5040106951871655
634,634,10060634,40.26056738424666,58.06218031285604,0.0,0,0.026041666666666668
635,635,10060635,13.912947748641503,62.26024322492313,0.0,0,0.0
636,636,10060636,34.98296514992875,53.80437634241465,0.0,0,0.0
637,637,10060637,3.181896036230793,49.790290334919405,0.0,0,0.0
638,638,10060638,53.233662639480485,62.13063613080176,0.0,0,1.8879457453952946
639,639,10060639,34.289070267258325,47.94154581103938,0.0,0,0.0
640,640,10060640,-2.789097875307058,48.47717099860315,0.0,0,10.07340175653596
641,641,10060641,11.638764197690588,49.13574770097426,0.0,0,0.0
642,642,10060642,50.66911823924412,63.26601719346361,0.0,0,0.0436442989634479
643,643,10060643,25.282747865196523,41.35100436621056,0.0,0,0.018099547511312215
644,644,10060644,-4.894029514962314,38.75652421468781,0.0,0,0.2061663079866093
645,645,10060645,44.5838353315622,43.10394387695771,0.0,0,0.0908673128342246
646,646,10060646,36.22731232252901,53.70220602533527,0.0,0,2.931847382827775
647,647,10060647,19.353488523284863,42.83781051509881,0.0,0,0.017889087656529516
648,648,10060648,-0.5262680335038352,40.80872986531065,0.0,0,0.0
649,649,10060649,55.631561794506815,58.74718024430323,0.0,0,0.05081300813008131
650,650,10060650,46.4322548512002,51.99489646800779,0.0,0,0.46439008295625944
651,651,10060651,10.153356732211847,50.34899092205034,0.0,0,0.08361804317686672
652,652,10060652,9.89811877589654,61.91844471092612,0.0,0,84.51652142338412
653,653,10060653,16.065153027080424,51.286054091040725,0.0,0,11.966371107266447
654,654,10060654,13.347387329986104,48.94706456094207,0.0,0,0.3221649484536082
655,655,10060655,39.58475046005912,67.36510602472687,0.0,0,15.77822318686508
656,656,10060656,-0.7160938340009007,54.1151152098376,0.0,0,0.4340277777777778
657,657,10060657,11.702272120616422,46.52456271143185,0.0,0,0.7516117860187562
658,658,10060658,16.358924584822265,48.93326262692829,0.0,0,9.305702951283607
659,659,10060659,16.822348707531035,48.51134588071125,0.0,0,0.03287122140522875
660,660,10060660,14.67367277259161,59.09467393135373,0.0,0,48.4919058349146
661,661,10060661,33.65515475863554,61.44447772998276,0.0,0,0.0
662,662,10060662,8.195200065742343,45.92911690220274,0.0,0,3.285391079508726
663,663,10060663,58.35869967405477,65.0815943364649,0.0,0,0.21730132450331124
664,664,10060664,-4.027511552442105,52.00247125858301,0.0,0,0.34997858366647633
665,665,10060665,15.505638985464092,52.94873893245407,0.0,0,0.6276590825009248
666,666,10060666,28.99057309777548,54.57069996537711,0.0,0,0.5876782531194297
667,667,10060667,43.85053498503619,47.59769727599292,0.0,0,0.0
668,668,10060668,33.12580575843001,47.37108542576258,0.0,0,0.1097726324572382
669,669,10060669,9.685444835584656,59.75941708791571,0.0,0,1.979649143121815
670,670,10060670,15.849273645172554,44.33259069119597,0.0,0,0.16289380920907687
671,671,10060671,24.062642798439487,45.55466371729531,0.0,0,0.0
672,672,10060672,30.81395960565764,53.43425046440951,0.0,0,0.0
673,673,10060673,40.763294389793415,62.24788462878426,0.0,0,1.549955411698649
674,674,10060674,16.314569113786032,60.94293479540417,0.0,0,5.379480990869637
675,675,10060675,33.96363001597063,46.39305101715294,0.0,0,0.0
676,676,10060676,-0.1561595323637968,48.34256969983605,0.0,0,0.049342105263157895
677,677,10060677,22.193237267427147,44.2209275155264,0.0,0,0.0
678,678,10060678,40.40573169268167,47.47271317935994,0.0,0,5.07140092879257
679,679,10060679,33.20340164031067,63.87781961721335,0.0,0,33.214714334009585
680,680,10060680,21.00002576578618,42.64898413139146,0.0,0,4.478603222898357
681,681,10060681,22.744733683055717,63.316546534960096,0.0,0,1.3486864816349076
682,682,10060682,1.3721827357799157,46.73770707716758,0.0,0,4.188211574952564
683,683,10060683,6.992573474920369,50.37538827272787,0.0,0,0.16948529411764707
684,684,10060684,24.231079184740636,43.55365606920801,0.0,0,0.09817847593582887
685,685,10060685,27.07332221975965,56.70842528164825,0.0,0,0.0
686,686,10060686,12.981805803498789,56.87398504953013,0.0,0,1.066334939148073
687,687,10060687,-5.781525947251205,37.92507861086888,0.0,0,0.5401234567901234
688,688,10060688,23.624583103853105,67.66522487385973,0.0,0,0.9343445462017144
689,689,10060689,12.45469123415096,53.72800581773957,0.0,0,0.7957175925925927
690,690,10060690,-7.174177955083789,39.840167675213415,0.0,0,0.6221946609969289
691,691,10060691,57.07186824917432,61.20774633950728,0.0,0,0.0
692,692,10060692,14.517837249854962,37.60820138520838,0.0,0,0.0
693,693,10060693,20.944989513462403,67.43363946852885,0.0,0,15.111512225372076
694,694,10060694,35.33160248627643,62.9973085247938,0.0,0,4.446297268907562
695,695,10060695,8.470593000702333,47.37825571729008,0.0,0,6.0365841917781795
696,696,10060696,55.82459082294753,55.621417403075945,0.0,0,0.16132005899705015
697,697,10060697,38.89375837010183,49.40140226301463,0.0,0,0.0
698,698,10060698,46.9212993170847,45.17318077876699,0.0,0,0.0
699,699,10060699,49.19161409711448,57.6641526100493,0.0,0,12.33383794694348
700,700,10060700,54.8042544741403,60.89333912292994,0.0,0,0.7162101481814099
701,701,10060701,-8.638907726780152,54.06407754916494,0.0,0,0.14949845679012344
702,702,10060702,37.56199662611604,52.695816309479646,0.0,0,0.0
703,703,10060703,0.4783732529805556,44.6622726381972,0.0,0,0.17094017094017094
704,704,10060704,1.4827778165875691,42.16316437633628,0.0,0,0.0
705,705,10060705,25.0321636667905,53.01228946272776,0.0,0,2.50485215857025
706,706,10060706,44.78644323835117,43.23440370102443,0.0,0,42.379400623886006
707,707,10060707,-7.106288154663971,53.904562599515565,0.0,0,0.1736111111111111
708,708,10060708,41.90606172363441,60.65015831314526,0.0,0,0.0
709,709,10060709,22.49887974730722,69.89530150289615,0.0,0,86.63390964493945
710,710,10060710,17.835205553564826,48.85995337787461,0.0,0,0.3543814432989691
711,711,10060711,23.746324349176383,40.86609843748716,0.0,0,1.1278157096171801
712,712,10060712,32.237145810680374,46.940327757716176,0.0,0,13.715953875346665
713,713,10060713,9.33080822088868,55.664529245661136,0.0,0,0.41547371160853724
714,714,10060714,43.49546027988399,44.08060822810696,0.0,0,0.0
715,715,10060715,21.438099795310567,46.56431345174045,0.0,0,0.0
716,716,10060716,22.40692776405708,52.43577183185438,0.0,0,0.8528828197945845
717,717,10060717,21.819348265870957,60.697064585554735,0.0,0,0.22836538461538464
718,718,10060718,33.43137511197771,50.801941018708376,0.0,0,0.6342821782178218
719,719,10060719,42.52147362748588,65.80485240766696,0.0,0,0.536211258697027
720,720,10060720,30.081027804925785,47.73109990904028,0.0,0,0.0
721,721,10060721,47.53547637657823,55.15478277295168,0.0,0,1.2302800538094658
722,722,10060722,46.33890361533152,50.58079450114845,0.0,0,0.0
723,723,10060723,4.166766609078612,46.313847044108336,0.0,0,0.42773561037318153
724,724,10060724,43.071879253497215,48.42544470579971,0.0,0,35.46862234477129
725,725,10060725,48.70061525921538,46.93845603592074,0.0,0,0.0
726,726,10060726,58.49572575072899,68.75713773677694,0.0,0,99.9722872103387
727,727,10060727,-3.724131048155929,48.65903435764203,0.0,0,1.536203022875817
728,728,10060728,60.0694832415528,51.58314381049976,0.0,0,0.04048923490965013
729,729,10060729,13.658154096871964,50.14147287256225,0.0,0,7.31735244602892
730,730,10060730,15.758859666783009,61.78268889459387,0.0,0,0.1388888888888889
731,731,10060731,32.03250262742154,49.447767664527326,0.0,0,49.26476840736311
732,732,10060732,49.97963708401476,67.46288818348732,0.0,0,6.0486431018190405
733,733,10060733,26.559556389523323,47.07708725850716,0.0,0,4.207863996662494
734,734,10060734,18.011768658536976,44.23540696753513,0.0,0,0.36300777873811585
735,735,10060735,18.763992725175772,50.660694457936806,0.0,0,2.1838925974045362
736,736,10060736,16.790919791063253,60.739790285903,0.0,0,0.16646942800788955
737,737,10060737,24.776861322913337,41.15494073971343,0.0,0,0.0
738,738,10060738,22.513746791180512,43.40166439936336,0.0,0,0.017959770114942528
739,739,10060739,50.48102298942416,56.02350493662106,0.0,0,0.7004643962848297
740,740,10060740,-5.60333763149157,42.08725275258485,0.0,0,2.4869339506822405
741,741,10060741,42.58479535607927,50.236004902196974,0.0,0,0.0
742,742,10060742,10.349340386091416,44.66018861517853,0.0,0,2.6761982570806095
743,743,10060743,50.976399975895326,61.7903950832936,0.0,0,7.816993464052301
744,744,10060744,48.709230821056494,61.136885945030144,0.0,0,0.02534536541889483
745,745,10060745,-5.159659068864651,55.634448189468856,0.0,0,0.0
746,746,10060746,42.5208308914874,54.7329046533396,0.0,0,0.0
747,747,10060747,24.954776192481603,63.67174873967626,0.0,0,11.805498423145478
748,748,10060748,39.13772526851216,48.89235082121928,0.0,0,0.12886597938144329
749,749,10060749,17.639770847376226,52.61094190673234,0.0,0,9.899780825791852
750,750,10060750,16.77050703531626,61.63985414885986,0.0,0,1.4048202614379086
751,751,10060751,4.516456564438351,50.009877010045166,0.0,0,2.158700980392157
752,752,10060752,2.5485889711644707,47.2422042154533,0.0,0,0.7766870045890695
753,753,10060753,-3.9577684408711424,41.01848399139159,0.0,0,0.8463176937441644
754,754,10060754,38.4505580680793,58.92915154467404,0.0,0,0.06351626016260162
755,755,10060755,35.28104358552862,50.01385856458187,0.0,0,0.0
756,756,10060756,48.12722667508997,60.26728166582555,0.0,0,0.0
757,757,10060757,10.131111375606029,50.79622477593836,0.0,0,0.00974264705882353
758,758,10060758,22.413519242968743,43.63710023561124,0.0,0,0.05326704545454545
759,759,10060759,49.28396276664781,42.604118674668825,0.0,0,99.6174216813168
760,760,10060760,-3.3536504666876814,37.19147258768523,0.0,0,0.0
761,761,10060761,39.22648134132728,64.28682934468134,0.0,0,1.9811257836467917
762,762,10060762,47.74432722723138,41.770943710072,0.0,0,0.0
763,763,10060763,-6.297691218012518,39.35637189885026,0.0,0,31.001063075832768
764,764,10060764,10.268424137450696,46.0978534908536,0.0,0,0.008012820512820512
765,765,10060765,42.95865663563248,62.53765023338141,0.0,0,5.205536018755328
766,766,10060766,35.675091319525315,61.30350798492545,0.0,0,99.88754054253185
767,767,10060767,49.94324620545797,62.00447106258264,0.0,0,0.0
768,768,10060768,45.84680801226009,43.15796893242379,0.0,0,2.1628612541391443
769,769,10060769,45.28742249340401,68.40508913998218,0.0,0,23.03967613056782
770,770,10060770,24.39918828339513,56.09102467232705,0.0,0,1.1650219298245614
771,771,10060771,44.67783829639081,55.004079413894615,0.0,0,0.0
772,772,10060772,35.43959619610218,62.492950260910334,0.0,0,100.08480747371533
773,773,10060773,54.67384937239372,61.12797270129044,0.0,0,0.0
774,774,10060774,23.181247484824496,47.3770926083493,0.0,0,3.453947368421053
775,775,10060775,24.280915297507605,42.03930401176899,0.0,0,0.11969904240766074
776,776,10060776,12.784375980477744,57.00574373829626,0.0,0,0.10133861236802412
777,777,10060777,4.206430627037435,47.94117957275305,0.0,0,0.10113519091847264
778,778,10060778,40.55061427164144,46.177084590592806,0.0,0,0.0
779,779,10060779,56.18545039541663,53.66069354727169,0.0,0,0.0
780,780,10060780,41.32775446248071,45.80914988047108,0.0,0,0.0
781,781,10060781,32.75495617255327,60.66315071685919,0.0,0,100.15016968325664
782,782,10060782,25.761111153497467,62.95290970929845,0.0,0,0.0
783,783,10060783,51.11847616417204,55.63437719716976,0.0,0,0.15210176991150443
784,784,10060784,18.656855146643853,43.3147564114385,0.0,0,0.0
785,785,10060785,12.939897641159838,53.94801620243405,0.0,0,31.11221667566108
786,786,10060786,36.05136592273532,62.94379526581903,0.0,0,7.660670518207284
787,787,10060787,27.66305332279209,62.51952265556456,0.0,0,41.53365247994398
788,788,10060788,7.191688573937045,45.236083442831465,0.0,0,0.22828159041394336
789,789,10060789,33.87194627622222,46.77992053864581,0.0,0,0.0
790,790,10060790,23.106656159625132,56.36292886758351,0.0,0,0.0
791,791,10060791,38.68599064913979,48.60791131925361,0.0,0,2.0960988562091503
792,792,10060792,50.07751489696408,56.164792048652494,0.0,0,0.0
793,793,10060793,49.66583771314879,53.044687921374965,0.0,0,6.375208102108767
794,794,10060794,39.18411956344897,51.84695815484762,0.0,0,6.756972206358269
795,795,10060795,48.17666344183222,54.64122704063532,0.0,0,1.9735405525846703
796,796,10060796,-4.440960215207933,39.2501448766537,0.0,0,0.7921598517455765
797,797,10060797,39.10767217438706,55.32298409205696,0.0,0,0.0
798,798,10060798,-0.6452820678576414,41.42525968602551,0.0,0,0.0
799,799,10060799,46.42085942882296,57.26507866545927,0.0,0,0.0
800,800,10060800,3.076867735498911,50.24752095139386,0.0,0,13.895159313725497
801,801,10060801,1.0251118266233137,44.40046841507459,0.0,0,0.6161874862304472
802,802,10060802,24.313449404530488,48.265681440517874,0.0,0,0.0
803,803,10060803,14.596231023262655,61.05166809838566,0.0,0,27.754125505163994
804,804,10060804,50.99211697266252,60.50536199357665,0.0,0,0.0
805,805,10060805,28.22918701537472,65.9947103604119,0.0,0,62.500858623704325
806,806,10060806,28.329616432587216,51.17807997877233,0.0,0,0.017108328479906815
807,807,10060807,6.029370439819213,61.64400949816793,0.0,0,19.046952736318396
808,808,10060808,45.630026957060814,53.90522794355056,0.0,0,0.028935185185185182
809,809,10060809,9.738886453449084,49.47734567993061,0.0,0,3.39945208852772
810,810,10060810,46.90675104831029,61.56822602676549,0.0,0,0.0
811,811,10060811,6.957621777066628,60.14868438749615,0.0,0,65.11134727328437
812,812,10060812,0.4296222004754479,40.81885090343031,0.0,0,1.214110644257703
813,813,10060813,19.039306042649844,42.2628368172637,0.0,0,0.018168604651162792
814,814,10060814,-3.1326504162032034,56.29195357519768,0.0,0,5.411817988064791
815,815,10060815,-4.93373139408348,57.03631935633689,0.0,0,0.0
816,816,10060816,23.714328753375064,48.81747118494465,0.0,0,0.0
817,817,10060817,16.10310810257831,63.60554459161551,0.0,0,38.52243327886682
818,818,10060818,26.634807146657607,57.48029338913804,0.0,0,0.2232142857142857
819,819,10060819,12.972333289610928,42.886366048532246,0.0,0,0.0
820,820,10060820,19.674604111082957,45.190163158221694,0.0,0,0.0
821,821,10060821,-0.936390162142723,46.773396821460615,0.0,0,0.856920725279359
822,822,10060822,57.584143685939736,60.84834261185916,0.0,0,1.6565166142792982
823,823,10060823,34.48866694162207,53.13362919300408,0.0,0,0.0
824,824,10060824,11.385555972278576,48.38700729065499,0.0,0,2.215967116013072
825,825,10060825,38.65992276127888,60.54670774314398,0.0,0,15.415336677306584
826,826,10060826,56.46404314539415,55.00489436701975,0.0,0,0.0
827,827,10060827,29.165310110757822,57.89491228406443,0.0,0,0.0
828,828,10060828,-1.9156303075116297,48.07549697254438,0.0,0,0.6069401444788443
829,829,10060829,38.63968482207394,45.77401792638088,0.0,0,36.73676201249728
830,830,10060830,14.98084584170999,64.66865045257883,0.0,0,6.899674299249904
831,831,10060831,30.92827056951932,61.20307827073253,0.0,0,100.32289809863413
832,832,10060832,-2.0619950831524188,47.78395316836593,0.0,0,3.6113261093911255
833,833,10060833,54.99307308225622,51.20575044831158,0.0,0,1.7171881007304883
834,834,10060834,9.527131638578156,50.0924154880675,0.0,0,0.2097426470588235
835,835,10060835,16.596340460099164,47.194298257923066,0.0,0,1.362249687108886
836,836,10060836,30.66587547018826,63.18860651311475,0.0,0,16.841624947851493
837,837,10060837,0.0522345105539251,43.27848913955044,0.0,0,2.0710784313725505
838,838,10060838,50.4409504552387,61.46397315707077,0.0,0,0.0
839,839,10060839,9.593391225724188,63.739185324558086,0.0,0,100.12110226034736
840,840,10060840,25.54284335841743,50.76277465108306,0.0,0,0.13923267326732672
841,841,10060841,33.09792103394755,47.08227311858009,0.0,0,0.016622340425531915
842,842,10060842,38.68646491289,62.81793762575745,0.0,0,5.853335084033614
843,843,10060843,30.68010462205708,63.03341351370819,0.0,0,47.0519957983195
844,844,10060844,36.37300454919527,52.56022631029837,0.0,0,1.0738211951447245
845,845,10060845,28.589900079913555,66.27248129861292,0.0,0,7.812461218664675
846,846,10060846,4.362077300245611,45.07495721173163,0.0,0,0.034722222222222224
847,847,10060847,47.21443823264009,59.70830106290787,0.0,0,0.0
848,848,10060848,39.106870665246696,48.15633136716141,0.0,0,1.968188316993464
849,849,10060849,28.57137601579645,65.61599792076697,0.0,0,0.0
850,850,10060850,34.07749265876521,62.13219458260769,0.0,0,0.0
851,851,10060851,35.72373964021102,47.47589209816851,0.0,0,0.09973404255319149
852,852,10060852,26.00699176780275,67.82690432622036,0.0,0,19.0656731442577
853,853,10060853,9.192751784407784,59.36635906934818,0.0,0,67.63872549019617
854,854,10060854,4.85989425871703,51.01140262779373,0.0,0,12.588878373131426
855,855,10060855,47.48156479450945,57.708226009178325,0.0,0,0.0
856,856,10060856,54.2050679678171,63.08537861672063,0.0,0,0.0
857,857,10060857,-0.3535992338292108,47.39534509355301,0.0,0,0.414776282853567
858,858,10060858,16.40058810478077,43.55963139485413,0.0,0,15.515959224598955
859,859,10060859,45.20091944916982,60.39410352740543,0.0,0,0.0
860,860,10060860,22.503903431335186,43.09996633491828,0.0,0,0.0
861,861,10060861,32.27423032693261,46.92836985873576,0.0,0,0.0
862,862,10060862,-3.592747029995475,39.6136349255769,0.0,0,0.8801381998582565
863,863,10060863,33.393040878808804,45.38331652808933,0.0,0,0.0
864,864,10060864,38.07220062666004,44.602053236166846,0.0,0,0.0
865,865,10060865,42.68246043259301,52.362596734234735,0.0,0,10.729402337858218
866,866,10060866,55.258031918395,57.52107448790669,0.0,0,2.274005190311419
867,867,10060867,52.22449454557648,55.164902627220144,0.0,0,0.6962316176470589
868,868,10060868,8.958739709956378,50.10460288112307,0.0,0,30.714312240047555
869,869,10060869,57.81865398858677,65.38776835530746,0.0,0,0.9077376551424996
870,870,10060870,24.85018678256492,50.727654211566566,0.0,0,0.0
871,871,10060871,0.0244515544577516,42.70222368060901,0.0,0,0.035919540229885055
872,872,10060872,43.88403220669562,45.05993314039396,0.0,0,0.0
873,873,10060873,8.065232823687392,43.97795397354714,0.0,0,0.17556179775280897
874,874,10060874,45.90119333469431,49.33286331700528,0.0,0,0.0
875,875,10060875,25.00940845224848,65.91643444906644,0.0,0,0.04006410256410256
876,876,10060876,22.187319805313717,66.85943168949395,0.0,0,2.4119462599854757
877,877,10060877,38.49191022056964,56.69294226580612,0.0,0,0.0
878,878,10060878,12.266148855078034,42.87465594761518,0.0,0,3.7204192021636238
879,879,10060879,37.610249517106055,60.107711963035136,0.0,0,100.78711208892987
880,880,10060880,32.92578510189138,62.06371477661924,0.0,0,0.5034421856978085
881,881,10060881,22.91730498741757,46.861503309793065,0.0,0,2.653186274509804
882,882,10060882,22.92875249937837,47.377784909423866,0.0,0,0.0
883,883,10060883,49.29954907280526,58.58165015793867,0.0,0,1.9292430086788812
884,884,10060884,40.035109357582265,58.5063992453059,0.0,0,0.0
885,885,10060885,45.60452583528165,51.88145107959929,0.0,0,0.07584951456310679
886,886,10060886,43.83282406025917,43.20639934940785,0.0,0,3.4751098715348214
887,887,10060887,39.75692779186448,61.27200494142849,0.0,0,0.02529894533571004
888,888,10060888,38.55121388332077,49.86330792837506,0.0,0,0.09566326530612244
889,889,10060889,34.98046302272264,61.889500900805146,0.0,0,100.28726397966541
890,890,10060890,50.63470917139039,58.07367573063369,0.0,0,0.0
891,891,10060891,24.618606209180005,61.13220071997743,0.0,0,1.1915571152703504
892,892,10060892,32.10487268312296,48.72849286262281,0.0,0,11.125855290032678
893,893,10060893,53.0476613914446,55.28329723862507,0.0,0,0.7352394082633054
894,894,10060894,23.727632665500185,51.63291608969053,0.0,0,14.754962033833138
895,895,10060895,47.341588679142205,43.16020559650628,0.0,0,6.989193404634578
896,896,10060896,15.858269207583607,64.11580271948577,0.0,0,100.77074881676889
897,897,10060897,15.097437958010008,41.10336552298833,0.0,0,3.7389705882352944
898,898,10060898,40.48672263498432,61.851012815584845,0.0,0,0.0
899,899,10060899,37.00547501371846,63.890659827890055,0.0,0,93.38509972954712
900,900,10060900,14.215180987498538,46.507328874391206,0.0,0,0.016801075268817207
901,901,10060901,-1.0085739490268817,38.61711045666403,0.0,0,0.9592108448317597
902,902,10060902,30.68415755024408,47.96890323087059,0.0,0,0.0
903,903,10060903,42.98316099122808,60.63823510896928,0.0,0,2.1923449612403103
904,904,10060904,11.107470787646538,62.45525907349135,0.0,0,1.2924481386757602
905,905,10060905,21.21153162095456,50.40564779119132,0.0,0,1.822242647058823
906,906,10060906,7.515585768075447,47.14464933248229,0.0,0,3.492255944931164
907,907,10060907,23.331144334023296,54.867894054023886,0.0,0,0.6629791556262146
908,908,10060908,18.527317247871853,52.66636228973595,0.0,0,0.6067927170868348
909,909,10060909,25.033218133889207,56.27968002844714,0.0,0,0.26284100596760446
910,910,10060910,13.460834359940892,65.92930471792585,0.0,0,4.174901648557511
911,911,10060911,15.612503823602232,46.42295385735607,0.0,0,7.126027830487034
912,912,10060912,27.30350542537866,63.15577397607646,0.0,0,35.77275413711571
913,913,10060913,21.102960544965576,65.81418015164637,0.0,0,0.7955407969639471
914,914,10060914,24.081717340198207,46.74013549625227,0.0,0,0.08400537634408602
915,915,10060915,19.27689348031559,45.93566502802884,0.0,0,0.0
916,916,10060916,22.79962804054836,41.10320958343634,0.0,0,2.976355247981545
917,917,10060917,41.20483469957787,59.0855568701987,0.0,0,0.0
918,918,10060918,46.86935707078407,59.97617776805409,0.0,0,0.0
919,919,10060919,10.787990176332348,44.06176721455788,0.0,0,5.106369795109054
920,920,10060920,12.427918068037124,60.42033368517195,0.0,0,3.185562015503876
921,921,10060921,11.70315420495181,53.02625476987077,0.0,0,0.1768867924528302
922,922,10060922,43.53637265722437,43.6629146622516,0.0,0,54.35501615418909
923,923,10060923,16.934810980928788,68.52278111460255,0.0,0,14.677970215495598
924,924,10060924,9.406330729369952,39.79962690483067,0.0,0,0.6114900779588944
925,925,10060925,45.366259159083086,44.44056789501381,0.0,0,0.0
926,926,10060926,42.032195054411496,50.838428286197214,0.0,0,1.7630678509027367
927,927,10060927,9.936851012364128,52.089511967490985,0.0,0,1.8099547511312215
928,928,10060928,5.24374957409386,50.948275026444186,0.0,0,17.48186031838478
929,929,10060929,38.83802307072344,64.25688032997397,0.0,0,4.724473122582378
930,930,10060930,32.65918750671752,61.6701486949941,0.0,0,28.03903277728998
931,931,10060931,40.374279739132746,52.77647289879464,0.0,0,2.3916316526610646
932,932,10060932,41.67462531012405,58.04478154584508,0.0,0,1.4119178921568627
933,933,10060933,11.661004271768029,45.731482563586425,0.0,0,31.43748667945438
934,934,10060934,36.46201378835583,53.42952218188063,0.0,0,0.08761682242990654
935,935,10060935,40.91167606121428,56.396834754129344,0.0,0,0.0
936,936,10060936,42.086273639619584,48.18009130893124,0.0,0,0.049342105263157895
937,937,10060937,23.902231430850183,49.04804933263484,0.0,0,0.8054123711340205
938,938,10060938,33.89100682744176,45.99442064139416,0.0,0,17.914535379369113
939,939,10060939,20.39380088853771,39.41799996530965,0.0,0,1.174378287900526
940,940,10060940,9.365160785246088,42.15032027318395,0.0,0,0.17889087656529518
941,941,10060941,25.93612449512796,46.5366823026844,0.0,0,0.5095108695652174
942,942,10060942,34.70697594089578,67.8715134966952,0.0,0,96.27690277294468
943,943,10060943,26.96942216993878,52.96061262488158,0.0,0,2.103103033666297
944,944,10060944,12.15571259174257,55.56564756248068,0.0,0,3.2880010411244145
945,945,10060945,28.193732736911848,51.88751093548423,0.0,0,7.136418269230769
946,946,10060946,33.66228227166098,54.26598614252802,0.0,0,0.0
947,947,10060947,30.544132084034565,46.246696872747215,0.0,0,0.3265531756180733
948,948,10060948,-3.2187371596892183,38.41275855129352,0.0,0,0.0
949,949,10060949,25.57204905584291,47.86003694085199,0.0,0,0.40789473684210525
950,950,10060950,-1.341146412141982,52.59328386793756,0.0,0,4.91234827264239
951,951,10060951,19.864309367104017,66.95082186188867,0.0,0,1.353209523545142
952,952,10060952,41.50223867767652,44.68075170684613,0.0,0,1.1631944444444444
953,953,10060953,1.3043691608591776,49.31927520297926,0.0,0,0.5580357142857143
954,954,10060954,53.28611595786626,66.36360553743071,0.0,0,84.27187265811074
955,955,10060955,54.68367100387718,51.98071433655163,0.0,0,1.3723133484162895
956,956,10060956,7.5374582900512275,50.99458675629527,0.0,0,5.161656437136925
957,957,10060957,24.37252397719828,46.61006008699274,0.0,0,0.19148284313725492
958,958,10060958,22.14961108722101,53.84924572146094,0.0,0,1.588825344952796
959,959,10060959,59.751669911238544,51.0006111054404,0.0,0,0.0
960,960,10060960,28.506585649246897,50.33130131978201,0.0,0,0.8479166666666667
961,961,10060961,32.08127667083477,60.42982149425546,0.0,0,100.20790583675243
962,962,10060962,11.96504150301145,45.67079537943659,0.0,0,33.87497306614954
963,963,10060963,37.46035012813921,49.93318481917965,0.0,0,0.7102272727272727
964,964,10060964,15.344434624306215,59.0895358599134,0.0,0,0.05944615749525617
965,965,10060965,29.18858282708212,69.60385813009202,0.0,0,14.335255276974179
966,966,10060966,0.0844094312497487,50.99721698442887,0.0,0,3.8646622015142693
967,967,10060967,50.43248010574483,65.93642310977809,0.0,0,0.0
968,968,10060968,40.64821757057573,46.70408586581935,0.0,0,0.48723118279569894
969,969,10060969,26.7443632643809,47.92034110421345,0.0,0,2.2107970792483655
970,970,10060970,28.18972454294965,61.95626120050508,0.0,0,2.1928558460421206
971,971,10060971,9.953575257891508,61.02493927756891,0.0,0,0.23195442299057029
972,972,10060972,46.11783977786994,57.45661842984065,0.0,0,0.3707627118644068
973,973,10060973,23.87631152867769,66.93190246440062,0.0,0,24.969550703717136
974,974,10060974,21.995148348435137,68.72477411460314,0.0,0,4.84187675070028
975,975,10060975,26.385815820983154,46.784065514152296,0.0,0,0.0
976,976,10060976,8.981546519146223,54.72675349491611,0.0,0,1.1020579402932342
977,977,10060977,47.142987525678144,65.66806982118892,0.0,0,44.67671727781963
978,978,10060978,-4.931064168214354,40.0301605561822,0.0,0,0.0
979,979,10060979,18.66447183496884,54.12672085876752,0.0,0,0.6052122683935961
980,980,10060980,14.204300014433048,58.32701586552759,0.0,0,39.520185140171776
981,981,10060981,63.70105121266609,67.70843793916639,0.0,0,5.653412406629318
982,982,10060982,16.08578457055911,46.55901259946866,0.0,0,0.5981841661395739
983,983,10060983,19.3208342756948,43.04106002483845,0.0,0,0.0
984,984,10060984,51.30562275539378,55.108877736361386,0.0,0,0.5081368132838721
985,985,10060985,19.426025661723237,47.90536407300675,0.0,0,0.0
986,986,10060986,13.588279560032737,51.61999627871664,0.0,0,5.603762135922324
987,987,10060987,42.98625387857733,44.03839207734959,0.0,0,17.084121760592353
988,988,10060988,10.954937263967697,61.07514000658269,0.0,0,6.559900475341649
989,989,10060989,46.64310464841119,51.028855768464105,0.0,0,0.0
990,990,10060990,0.2705277189385882,41.19402983171368,0.0,0,0.0
991,991,10060991,36.992607771460335,53.32388022586205,0.0,0,0.04380841121495327
992,992,10060992,59.28364081435051,51.97098862299725,0.0,0,0.0
993,993,10060993,15.032558033165753,45.856473216326506,0.0,0,0.4807692307692308
994,994,10060994,46.8001423513596,45.35916064415286,0.0,0,0.017361111111111112
995,995,10060995,63.33409933119522,67.95168019528298,0.0,0,17.236627739331027
996,996,10060996,22.784645188279963,39.60610493531205,0.0,0,0.0
997,997,10060997,-8.53919818951713,39.14204314407473,0.0,0,2.466822094691535
998,998,10060998,53.44414795253202,53.67529857937072,0.0,0,0.0
999,999,10060999,8.943357050314386,50.2177334614583,0.0,0,1.8623737373737372
