OID_,Point_ID,X,Y
0,40463116,6.072879352,51.08872231
1,40463188,6.016993802,51.73478443
2,40523090,6.177697005,50.85823891
3,40523108,6.164374246,51.01978896
4,40543118,6.185448201,51.11047657
5,40563018,6.285833167,50.21378603
6,40563068,6.250331825,50.66263194
7,40563176,6.170688456,51.63191832
8,40603138,6.256463422,51.29276026
9,40623160,6.269039666,51.49112399
10,40642990,6.416724458,49.96596544
11,40662978,6.452545761,49.8590842
12,40663126,6.350945347,51.18778304
13,40663140,6.34095723,51.31344163
14,40683142,6.368190843,51.33228936
15,40703000,6.49368811,50.05836413
16,40703108,6.420644666,51.02798841
17,40703132,6.403894553,51.24341996
18,40703150,6.391203975,51.40498495
19,40723010,6.515033755,50.14901517
20,40723028,6.503156638,50.31063967
21,40723046,6.491178051,50.47225504
22,40723136,6.429718539,51.28020551
23,40742928,6.595421647,49.4134375
24,40742986,6.558542831,49.9343473
25,40743036,6.525936711,50.38332526
26,40743050,6.51666818,50.5090264
27,40743090,6.48984402,50.86814391
28,40743104,6.480333759,50.99382546
29,40763196,6.445188445,51.82050117
30,40783020,6.592470268,50.24134446
31,40783066,6.562506423,50.65437973
32,40783084,6.550601871,50.815987
33,40803052,6.599874621,50.52951708
34,40822936,6.700690639,49.48857498
35,40823080,6.609917997,50.78175378
36,40843122,6.610815634,51.15966298
37,40843158,6.586854138,51.48284255
38,40862974,6.732872478,49.83150303
39,40882942,6.779852384,49.54486319
40,40882988,6.752151177,49.958043
41,40883024,6.73005161,50.28135716
42,40902992,6.777580932,49.99476139
43,40903100,6.710584991,50.96460607
44,40923018,6.789768107,50.22906159
45,40923108,6.733972864,51.0372408
46,40923162,6.699321229,51.52205607
47,40923166,6.696718186,51.55796586
48,40943070,6.786105652,50.69682708
49,40963080,6.808263202,50.78741058
50,40963188,6.740189529,51.7570843
51,40983082,6.835383957,50.80615052
52,41003008,6.907635666,50.14233679
53,41003148,6.82324716,51.39955224
54,41003202,6.78914452,51.8843622
55,41003224,6.774990309,52.08186203
56,41023194,6.823230977,51.81332823
57,41063204,6.874971414,51.90465978
58,41063212,6.869975888,51.97648288
59,41082902,7.077573237,49.19299701
60,41083172,6.923613113,51.618117
61,41083226,6.890351574,52.10294119
62,41083280,6.856191951,52.58771829
63,41103180,6.947641577,51.69070141
64,41103274,6.889482626,52.53462806
65,41103284,6.883134553,52.62439969
66,41122926,7.119738239,49.41006839
67,41122980,7.090718812,49.89522947
68,41123088,7.03042247,50.86530558
69,41123106,7.020068291,51.02695668
70,41143228,6.976639108,52.12316603
71,41163064,7.100607977,50.65119626
72,41163150,7.051842832,51.42353901
73,41163190,7.028460778,51.78271613
74,41163214,7.01421044,51.99820859
75,41163226,7.007021961,52.10595122
76,41182936,7.197185361,49.50200674
77,41183274,7.007290902,52.53764266
78,41202906,7.240053314,49.23310741
79,41203090,7.142880566,50.8861304
80,41203198,7.081745086,51.85600058
81,41222902,7.269493696,49.19783158
82,41223016,7.210980897,50.22212677
83,41223034,7.201452802,50.38382371
84,41223268,7.0697793,52.48523647
85,41223280,7.062611068,52.59297576
86,41242898,7.298891016,49.1625474
87,41242982,7.256587406,49.91735054
88,41243194,7.142040262,51.82150609
89,41243198,7.139764282,51.85742453
90,41243222,7.126014093,52.0729296
91,41243258,7.105081025,52.39617052
92,41243294,7.083770034,52.71939363
93,41263244,7.142544955,52.27117669
94,41263298,7.11097987,52.756024
95,41283108,7.246923925,51.05055483
96,41283194,7.200016749,51.82290019
97,41283256,7.164954376,52.37962731
98,41283292,7.144095374,52.70286327
99,41302926,7.367599279,49.41613415
100,41303214,7.217928274,52.0031856
101,41303268,7.187465886,52.48807263
102,41323026,7.346000293,50.31529939
103,41323084,7.316417513,50.83632171
104,41323110,7.302887906,51.06985795
105,41323128,7.293421632,51.23152837
106,41323146,7.283872669,51.39319217
107,41323254,7.22478257,52.36305379
108,41323278,7.21121813,52.57855462
109,41323282,7.208941568,52.61447072
110,41323308,7.194032284,52.84792076
111,41343024,7.375058026,50.29797869
112,41343028,7.373067028,50.33391471
113,41343070,7.351931865,50.71121875
114,41343124,7.324127489,51.19626371
115,41343142,7.314697529,51.35793163
116,41343276,7.241827186,52.5612814
117,41363134,7.347550396,51.28673598
118,41363184,7.321305637,51.73579608
119,41363202,7.311699676,51.89744682
120,41363260,7.28016149,52.41828716
121,41363386,7.208413224,53.54962963
122,41383140,7.373120545,51.34127548
123,41383234,7.323636256,52.18547695
124,41383284,7.296365611,52.63446537
125,41383342,7.263864989,53.15525551
126,41403088,7.42793796,50.87483445
127,41403316,7.308268731,52.92247142
128,41403376,7.274454427,53.46121102
129,41422748,7.610598178,47.81957881
130,41422898,7.545520261,49.16821602
131,41422910,7.54011885,49.27607296
132,41423072,7.464160113,50.73173074
133,41423176,7.412218738,51.66589348
134,41423186,7.407084916,51.75570592
135,41423198,7.400891072,51.86347861
136,41423230,7.3841945,52.15086127
137,41423252,7.372561625,52.34842812
138,41423294,7.349996914,52.72558374
139,41423356,7.315805436,53.28230272
140,41443118,7.470072754,51.1455708
141,41462780,7.650747387,48.10851608
142,41462942,7.580825792,49.56486644
143,41462950,7.577235933,49.63676267
144,41463108,7.503495433,51.05636118
145,41463112,7.501555641,51.09229268
146,41463266,7.423926908,52.47543584
147,41463270,7.421831056,52.51135685
148,41463292,7.410228763,52.70891902
149,41463396,7.353605371,53.6427867
150,41483196,7.488947567,51.84740518
151,41483304,7.433493393,52.81731606
152,41502756,7.714114953,47.89380514
153,41502948,7.633456633,49.61996044
154,41503092,7.568065097,50.91384073
155,41503116,7.55672438,51.12943928
156,41503188,7.521901448,51.77616737
157,41503390,7.417318111,53.59020711
158,41522764,7.737651025,47.9663091
159,41522944,7.662852071,49.58458651
160,41523178,7.555717375,51.68695519
161,41523250,7.520240965,52.33361848
162,41523334,7.477215484,53.08797473
163,41523376,7.455009573,53.4651283
164,41542720,7.781579582,47.57109011
165,41543076,7.632228983,50.77127831
166,41543112,7.615694294,51.09469331
167,41543238,7.555496306,52.22645326
168,41543310,7.519380188,52.87306895
169,41562726,7.80583993,47.62559981
170,41563086,7.656057946,50.86169789
171,41582722,7.83393363,47.59014762
172,41583142,7.659102628,51.36535147
173,41583214,7.625481613,52.01208526
174,41583286,7.590646986,52.65874224
175,41602942,7.774248385,49.56884371
176,41602946,7.77259827,49.60479546
177,41603078,7.716368831,50.7909604
178,41603090,7.711080329,50.89877254
179,41603104,7.704871822,51.02454946
180,41603168,7.675949711,51.59948017
181,41603306,7.610410774,52.83895273
182,41603320,7.603506716,52.96468356
183,41603342,7.592558458,53.16225708
184,41622728,7.884850315,47.64516307
185,41623250,7.666876182,52.33658831
186,41623280,7.652611981,52.60603099
187,41623298,7.643950333,52.76769172
188,41642752,7.902645817,47.86156154
189,41642964,7.820629358,49.76765317
190,41642978,7.814925742,49.89347668
191,41643072,7.775640238,50.73815944
192,41643094,7.766189495,50.93582093
193,41643130,7.750507565,51.25924517
194,41643230,7.705479543,52.1575232
195,41643342,7.652331193,53.16343399
196,41643360,7.643506571,53.32508729
197,41643374,7.636586881,53.45081612
198,41643396,7.625612583,53.64838771
199,41663160,7.766037646,51.52929975
200,41663232,7.733779992,52.17604985
201,41663376,7.665694501,53.46935936
202,41682724,7.966051056,47.610693
203,41682750,7.956775166,47.84457932
204,41682828,7.92828815,48.54608015
205,41683228,7.764803157,52.14067628
206,41683260,7.750312863,52.42810274
207,41683272,7.744819331,52.53588441
208,41683282,7.740216201,52.62570121
209,41683290,7.736517091,52.69755388
210,41702722,7.993326851,47.59319181
211,41703124,7.838960607,51.20696893
212,41703136,7.833888862,51.31477711
213,41703250,7.784197052,52.33883392
214,41722734,8.015741328,47.70163087
215,41722968,7.930082498,49.80568482
216,41723044,7.90020559,50.48869064
217,41723116,7.870889033,51.13562226
218,41723166,7.849924038,51.58481894
219,41742978,7.954035021,49.89606715
220,41743032,7.933101778,50.38136774
221,41743072,7.917247044,50.74080353
222,41743302,7.819872541,52.80698149
223,41743306,7.81807925,52.84290865
224,41763118,7.927211251,51.15462441
225,41763136,7.919915919,51.31634402
226,41763142,7.917469987,51.37024921
227,41763196,7.895132249,51.85536787
228,41763268,7.864411583,52.50212519
229,41763334,7.835266057,53.09493419
230,41782754,8.088921918,47.88296642
231,41782772,8.082848902,48.04487784
232,41782888,8.042501763,49.08802179
233,41783032,7.989317885,50.38236788
234,41783068,7.975449471,50.70586968
235,41783204,7.920836837,51.92774942
236,41783248,7.902377257,52.32299847
237,41783270,7.89299544,52.52061377
238,41783288,7.88524249,52.68229498
239,41783342,7.861558712,53.16732024
240,41783356,7.855312224,53.29306377
241,41783392,7.839043743,53.61639888
242,41802746,8.118285895,47.81146285
243,41802956,8.045543015,49.69979541
244,41822766,8.138428133,47.99182831
245,41822888,8.097234761,49.08896482
246,41823036,8.044049601,50.41928745
247,41823058,8.035822961,50.6169892
248,41823112,8.015260109,51.10221187
249,41823184,7.986996131,51.74908772
250,41823216,7.97411205,52.03656074
251,41823256,7.957718387,52.39588214
252,41823284,7.946047442,52.64739572
253,41823302,7.938457951,52.80907872
254,41823346,7.919613764,53.20429189
255,41823400,7.895903807,53.68930868
256,41862732,8.202742024,47.68685784
257,41862756,8.19516185,47.90276653
258,41862778,8.188141314,48.10066297
259,41862864,8.160017181,48.87408718
260,41863092,8.079807728,50.92346448
261,41863128,8.066332442,51.24693544
262,41863206,8.036316165,51.94770955
263,41863224,8.029225008,52.10941327
264,41863254,8.01726534,52.37890999
265,41863326,7.987821571,53.02566182
266,41882776,8.215605936,48.083111
267,41882944,8.160493125,49.59378361
268,41882974,8.150194276,49.86345358
269,41883064,8.118411606,50.672323
270,41883124,8.096453885,51.21146712
271,41883132,8.093477981,51.28334762
272,41883136,8.091985705,51.31928742
273,41883154,8.085234529,51.481013
274,41883208,8.064621866,51.96615758
275,41902738,8.25414483,47.74169965
276,41902954,8.18477906,49.68412406
277,41903184,8.102802832,51.75101436
278,41903188,8.101295271,51.78695109
279,41903206,8.094474532,51.94866339
280,41903278,8.066577195,52.59546955
281,41903314,8.052248586,52.91885131
282,41903350,8.037657717,53.24222227
283,41922892,8.232785405,49.12717039
284,41922924,8.222379299,49.41487222
285,41922942,8.216457738,49.57669097
286,41922964,8.209152593,49.77445681
287,41923014,8.192267473,50.22387593
288,41923090,8.165825003,50.90687647
289,41923140,8.147896436,51.35615248
290,41923186,8.131013979,51.7694468
291,41923212,8.121302405,52.00303326
292,41942740,8.306843697,47.76052969
293,41943172,8.165077195,51.64412071
294,41943250,8.136221467,52.34487591
295,41962754,8.329399412,47.88688944
296,41962892,8.287564723,49.12802056
297,41962952,8.268533999,49.66744728
298,41962970,8.262720501,49.82925499
299,41962982,8.258817558,49.93712189
300,41963126,8.21021133,51.23125447
301,41963150,8.201779074,51.44690142
302,41963186,8.18894472,51.77035349
303,41963216,8.178075306,52.03988171
304,41963222,8.175882103,52.09378584
305,41963276,8.155847178,52.57890302
306,41963360,8.12358479,53.33347353
307,41982722,8.36530609,47.59939062
308,41982974,8.289230023,49.8656334
309,41983118,8.24158219,51.15980572
310,41983298,8.177156831,52.77698856
311,42002960,8.321427912,49.7401983
312,42002968,8.318923215,49.81211361
313,42002996,8.310082504,50.06380367
314,42003130,8.266110675,51.26806345
315,42003148,8.259985642,51.42980184
316,42003184,8.247573547,51.75326222
317,42003202,8.241285103,51.91498485
318,42003238,8.228539877,52.23841659
319,42003248,8.224959093,52.32825581
320,42003288,8.210456455,52.68760157
321,42003356,8.185123692,53.29845644
322,42022728,8.41679576,47.65415854
323,42022782,8.401684742,48.13996611
324,42023034,8.326021454,50.40576521
325,42023304,8.234239187,52.83177567
326,42042724,8.444483556,47.61854976
327,42042930,8.385903729,49.47130299
328,42042940,8.382916874,49.56120701
329,42043110,8.329931241,51.08918235
330,42043120,8.326678768,51.17904329
331,42043156,8.314838738,51.5025276
332,42062826,8.443230691,48.5365007
333,42062920,8.416409592,49.38178663
334,42062956,8.405825611,49.70544111
335,42063100,8.361652136,50.99972565
336,42063160,8.342330047,51.53888059
337,42063196,8.33046335,51.86234442
338,42063358,8.274364189,53.31773775
339,42082774,8.484399304,48.06913843
340,42082918,8.444515533,49.36418841
341,42082950,8.435288197,49.65188757
342,42083076,8.397578803,50.78444149
343,42083112,8.386383269,51.10796216
344,42083188,8.36209866,51.79087243
345,42083224,8.350276881,52.11432488
346,42083332,8.313516782,53.08459289
347,42083350,8.307193759,53.24629459
348,42102744,8.519062653,47.79960685
349,42103072,8.427142462,50.74888284
350,42103212,8.383360339,52.00691158
351,42103248,8.371609277,52.33035602
352,42103356,8.335061974,53.30061073
353,42122794,8.532842259,48.2497777
354,42122800,8.531274901,48.30374906
355,42122902,8.503964173,49.22107218
356,42122956,8.488978156,49.70658118
357,42123052,8.461383044,50.56951517
358,42123178,8.423192545,51.7018123
359,42142780,8.563330401,48.1241926
360,42142870,8.539953842,48.93368144
361,42142960,8.515591965,49.74290828
362,42142970,8.512821683,49.83280796
363,42143114,8.471444154,51.12709388
364,42143150,8.46064644,51.45059801
365,42143366,8.391680622,53.39125652
366,42162812,8.582128989,48.41239238
367,42162884,8.563584299,49.05993158
368,42163298,8.443831956,52.78074741
369,42182748,8.624809245,47.83698589
370,42182910,8.584220281,49.29407337
371,42182928,8.579521664,49.45591897
372,42183076,8.539349937,50.78632224
373,42183126,8.525127296,51.23567076
374,42183148,8.518759803,51.43336942
375,42183342,8.459523641,53.17642652
376,42203322,8.495679382,52.99712314
377,42222792,8.667890273,48.23349183
378,42222936,8.632654843,49.52852982
379,42223048,8.60357504,50.53536401
380,42223056,8.601438468,50.60726911
381,42223066,8.598756275,50.69714852
382,42223116,8.585151006,51.14651474
383,42223242,8.549365561,52.27872792
384,42223296,8.533334752,52.76389974
385,42223398,8.501838198,53.68027486
386,42242908,8.66716555,49.27709756
387,42243136,8.608304707,51.3265938
388,42243196,8.591716587,51.86575796
389,42243262,8.572896095,52.45878068
390,42243402,8.530852987,53.71657824
391,42262882,8.700832572,49.04361689
392,42262900,8.696554311,49.20548279
393,42263008,8.670120168,50.17648226
394,42263076,8.652774099,50.78770151
395,42263094,8.648087584,50.94947812
396,42263098,8.647040629,50.98542761
397,42263184,8.624034367,51.75827213
398,42263206,8.617992511,51.95595772
399,42263224,8.613000317,52.11769561
400,42282820,8.742343022,48.48630866
401,42282892,8.725856012,49.1338583
402,42283108,8.672947258,51.0756297
403,42283180,8.654064501,51.72266368
404,42283198,8.649239383,51.88440934
405,42283356,8.604983623,53.30402066
406,42303034,8.719814656,50.41083803
407,42322820,8.796427043,48.48690884
408,42322970,8.762954076,49.8358098
409,42323042,8.74603739,50.48305909
410,42323054,8.743161498,50.59092209
411,42323068,8.739785451,50.71675829
412,42323086,8.735411506,50.87854167
413,42323104,8.730999653,51.04031857
414,42323114,8.728532068,51.13019195
415,42323126,8.725555211,51.23803756
416,42323144,8.7210574,51.39980122
417,42323176,8.71296351,51.68736785
418,42323240,8.696390021,52.26245691
419,42323288,8.683610647,52.69374221
420,42323378,8.658802085,53.50235276
421,42343028,8.777471153,50.35751813
422,42343226,8.729266857,52.13697775
423,42362906,8.832454121,49.26094674
424,42362968,8.818983802,49.81842076
425,42363036,8.803753402,50.42972714
426,42363058,8.79872012,50.62747938
427,42363076,8.794562554,50.78926891
428,42363108,8.787082249,51.07687854
429,42363234,8.756473699,52.20917262
430,42363374,8.720144844,53.46706461
431,42383178,8.79923936,51.70625969
432,42383304,8.768302949,52.83844586
433,42383340,8.759100354,53.1619002
434,42383394,8.744977166,53.64706863
435,42402742,8.919635192,47.7862859
436,42402858,8.89707814,48.82982723
437,42402876,8.893470017,48.99171452
438,42402894,8.889831941,49.15359158
439,42403002,8.867354054,50.1246571
440,42403026,8.862202636,50.34040805
441,42403110,8.843702625,51.09543608
442,42403326,8.792508327,53.03641587
443,42403344,8.78798828,53.19814281
444,42403354,8.785459254,53.28799032
445,42403530,8.738746942,54.8692772
446,42422826,8.930492337,48.54226545
447,42423010,8.893648295,50.19685027
448,42423082,8.878344164,50.84405526
449,42423100,8.874435251,51.00583944
450,42423366,8.812466307,53.3961046
451,42443112,8.900368219,51.11396598
452,42443310,8.855914872,52.89323742
453,42443404,8.833220037,53.73781544
454,42462780,8.992931208,48.1289547
455,42462870,8.976542064,48.93853299
456,42462906,8.969795243,49.26228976
457,42463054,8.940838963,50.59291176
458,42463068,8.937993698,50.71875412
459,42463086,8.934307423,50.88054546
460,42463122,8.926838615,51.20410924
461,42463162,8.918386093,51.56359765
462,42463168,8.917103979,51.61751868
463,42463294,8.889285897,52.74975254
464,42463356,8.874941422,53.30682904
465,42482812,9.014186203,48.41708053
466,42483136,8.952591238,51.33019447
467,42483154,8.948883656,51.49196437
468,42483226,8.933723029,52.13899554
469,42483322,8.912649459,53.00161124
470,42483466,8.879052038,54.29543722
471,42502766,9.04899325,48.00347065
472,42502820,9.03981867,48.48928324
473,42503014,9.00491884,50.23384005
474,42503180,8.972413013,51.72587968
475,42503186,8.971188523,51.77979982
476,42503342,8.938040009,53.18158019
477,42503366,8.932705705,53.39722174
478,42503522,8.896376587,54.79886973
479,42522884,9.056008628,49.06516505
480,42522920,9.049761141,49.38891197
481,42523334,8.969664592,53.10995771
482,42542896,9.081357156,49.17331287
483,42543054,9.053803998,50.59389624
484,42543086,9.04796887,50.88153691
485,42543090,9.047233175,50.91749054
486,42543140,9.037916446,51.36688581
487,42543248,9.017000854,52.33744677
488,42543270,9.012601866,52.53513618
489,42543292,9.008154308,52.73282105
490,42543360,8.994091754,53.34382476
491,42562962,9.097850758,49.76702472
492,42563034,9.085540448,50.41433755
493,42563286,9.038939867,52.67914857
494,42563304,9.035384688,52.84088965
495,42582904,9.13493038,49.24569378
496,42582976,9.123318261,49.89311937
497,42582994,9.120353714,50.05495406
498,42583038,9.113000293,50.45051683
499,42583062,9.108924216,50.66625983
500,42583080,9.105836397,50.82805911
501,42583182,9.087823805,51.74480912
502,42583228,9.079402728,52.15819335
503,42583236,9.077918595,52.23008358
504,42602746,9.185798597,47.82458463
505,42602758,9.184078962,47.93256386
506,42602992,9.148596822,50.03718487
507,42603070,9.135884272,50.73838713
508,42603100,9.130867682,51.00804564
509,42603190,9.115374278,51.81692562
510,42603250,9.104659699,52.35611444
511,42603492,9.057999827,54.53058699
512,42622896,9.19103738,49.17415722
513,42623040,9.168996742,50.46891752
514,42623044,9.168362936,50.50487575
515,42623080,9.162604008,50.82848446
516,42623116,9.156744928,51.15206736
517,42623274,9.129780087,52.57199742
518,42623332,9.119339212,53.09316927
519,42623368,9.11270304,53.41664479
520,42642870,9.222153022,48.9405124
521,42643126,9.183737771,51.24215158
522,42643222,9.168074855,52.1049232
523,42643252,9.163026688,52.37451445
524,42643410,9.135147889,53.79424523
525,42663262,9.190752013,52.46457956
526,42663394,9.168314568,53.65069023
527,42663520,9.145430719,54.78284871
528,42682790,9.287054685,48.22122929
529,42682952,9.265757744,49.67831003
530,42683024,9.255766616,50.32565958
531,42683042,9.253215375,50.48747753
532,42683078,9.248046884,50.81109238
533,42683096,9.245429085,50.97288993
534,42683204,9.229234529,51.94355777
535,42683212,9.22800061,52.01545224
536,42683216,9.227381825,52.05139917
537,42683222,9.226451355,52.10531921
538,42683234,9.224582119,52.21315801
539,42683270,9.218907186,52.53666513
540,42683348,9.206254844,53.23755988
541,42683378,9.201253967,53.50712556
542,42683482,9.183307444,54.44160796
543,42683528,9.175053444,54.85494246
544,42703082,9.275862842,50.84722932
545,42722806,9.338978782,48.36551222
546,42722852,9.33349577,48.7793151
547,42722860,9.332530405,48.85127361
548,42722910,9.326415859,49.30096887
549,42723040,9.309836394,50.46985062
550,42723058,9.307459663,50.63166362
551,42723126,9.298293903,51.24289833
552,42723238,9.28252223,52.24947249
553,42723338,9.267681726,53.1480811
554,42723522,9.238314898,54.80142341
555,42743070,9.334194444,50.73970212
556,42743196,9.317575934,51.87219928
557,42762760,9.397869049,47.95194111
558,42762922,9.380032784,49.40920125
559,42763074,9.362034855,50.77581896
560,42763084,9.360804732,50.86570957
561,42763102,9.358575587,51.02750778
562,42763282,9.335175903,52.64521359
563,42763300,9.332719301,52.80696375
564,42763318,9.330240375,52.96871151
565,42763408,9.317500352,53.7774258
566,42763458,9.310163878,54.22670426
567,42763462,9.309568687,54.2626466
568,42763476,9.307475697,54.38844506
569,42763506,9.302938652,54.65801503
570,42782782,9.422387855,48.15003744
571,42782830,9.417419086,48.58187438
572,42782872,9.41298148,48.95966762
573,42782902,9.409759013,49.22948573
574,42783024,9.396181565,50.32648612
575,42783106,9.386606227,51.06361642
576,42783118,9.385173128,51.17147808
577,42783142,9.382281877,51.38719389
578,42783474,9.338539501,54.37064205
579,42802824,9.445112804,48.52803778
580,42802896,9.437829019,49.17566503
581,42803040,9.422511504,50.4704727
582,42803098,9.416041618,50.9918542
583,42803220,9.401826272,52.0883607
584,42803238,9.39965606,52.25012292
585,42803292,9.393027721,52.73538981
586,42822748,9.479251144,47.84436891
587,42822906,9.464270559,49.26573476
588,42822910,9.463877071,49.30170821
589,42822960,9.458896359,49.751338
590,42823378,9.412233261,53.50832818
591,42843100,9.472807023,51.01010486
592,42843218,9.460399141,52.07066744
593,42843412,9.438351695,53.81398568
594,42843442,9.43474357,54.0835572
595,42843466,9.431816334,54.29921478
596,42862808,9.527667889,48.38447238
597,42862834,9.525462229,48.61837318
598,42862942,9.516013782,49.58972966
599,42863078,9.503418186,50.81247245
600,42863176,9.493821156,51.69333118
601,42863186,9.492815929,51.78320611
602,42863234,9.487921482,52.21458764
603,42863302,9.480785159,52.82566942
604,42863320,9.478855088,52.98742006
605,42863378,9.47251492,53.50860457
606,42863392,9.470956234,53.63440584
607,42863456,9.463685836,54.20949439
608,42863486,9.460193683,54.47906835
609,42883028,9.536248684,50.36310195
610,42902928,9.572433808,49.4640553
611,42902946,9.57100724,49.62592274
612,42902960,9.569889389,49.75181354
613,42903112,9.557265467,51.11832713
614,42903252,9.544790882,52.3765881
615,42903356,9.534946858,53.31116085
616,42903450,9.525589937,54.15583067
617,42903482,9.522299244,54.44337787
618,42903508,9.519584614,54.67701214
619,42922926,9.600165811,49.44617063
620,42923304,9.569614302,52.84399412
621,42942738,9.640110621,47.7550213
622,42942810,9.635497544,48.40287369
623,42942840,9.633530647,48.67275769
624,42943048,9.619117924,50.54321553
625,42943084,9.616477132,50.86684024
626,42943146,9.611820688,51.42413636
627,42943458,9.586090742,54.22793817
628,42962764,9.665242261,47.98907492
629,42962776,9.664531687,48.09705216
630,42962902,9.656832256,49.23051236
631,42962938,9.654549367,49.55426675
632,42963078,9.645296268,50.81299522
633,42963124,9.642118965,51.22648537
634,42963262,9.632148834,52.46675979
635,42982824,9.688718227,48.52898841
636,42982896,9.684632015,49.17663005
637,42982918,9.683356232,49.37448858
638,42983130,9.670362998,51.2805007
639,42983220,9.664434348,52.08939709
640,42983296,9.659218848,52.77238937
641,42983346,9.655677646,53.22170133
642,42983458,9.647409635,54.22812859
643,42983494,9.644648489,54.55162375
644,43002766,9.718703739,48.00722154
645,43003176,9.69628982,51.69402945
646,43003518,9.673840813,54.76737476
647,43022722,9.747450877,47.61132489
648,43022740,9.746654855,47.77331833
649,43022764,9.745583466,47.98929011
650,43022782,9.744772308,48.15125477
651,43022872,9.740615762,48.96090783
652,43022962,9.736283874,49.77030723
653,43022974,9.735692471,49.87821019
654,43023088,9.72990393,50.90311828
655,43023106,9.728960856,51.06492096
656,43023172,9.725431874,51.65814963
657,43023196,9.724120221,51.8738527
658,43023200,9.723900107,51.90980246
659,43023334,9.716268006,53.11402301
660,43023370,9.71412843,53.43752308
661,43023478,9.707467114,54.40800843
662,43023484,9.707085963,54.4619246
663,43042730,9.773719,47.68338183
664,43042816,9.770251112,48.45721544
665,43042898,9.766816013,49.19481891
666,43042964,9.763955298,49.78835251
667,43043060,9.759633093,50.65147524
668,43043086,9.758428202,50.88520267
669,43043122,9.756734875,51.20880397
670,43043230,9.751473522,52.17948426
671,43043432,9.740839146,53.99472177
672,43043486,9.737804833,54.47996571
673,43062722,9.800618855,47.61143481
674,43062920,9.793416474,49.39273098
675,43063370,9.774311506,53.43764983
676,43082888,9.822008273,49.10497899
677,43082928,9.820696548,49.46472326
678,43082978,9.819022242,49.91434069
679,43083104,9.814623724,51.04711144
680,43083162,9.812508006,51.56844141
681,43083184,9.811689755,51.76617348
682,43083194,9.8113149,51.85604946
683,43083270,9.808404767,52.53906787
684,43083324,9.806269016,53.02433776
685,43083338,9.805705752,53.15014533
686,43103178,9.840850036,51.71229001
687,43103214,9.83970422,52.03584064
688,43122720,9.880412859,47.59355104
689,43122768,9.87940146,48.02551171
690,43122882,9.876909624,49.05108674
691,43122894,9.876639695,49.15901733
692,43122984,9.87456666,49.9683655
693,43123092,9.871960406,50.93931968
694,43123120,9.87126248,51.19100966
695,43123128,9.871061336,51.26291853
696,43123260,9.867626452,52.4492804
697,43123272,9.867302946,52.55712137
698,43123480,9.861371116,54.42624852
699,43123506,9.86058379,54.65988807
700,43142836,9.905057171,48.63733745
701,43142962,9.902841101,49.77057229
702,43143006,9.902036145,50.16620124
703,43143096,9.900336512,50.97530426
704,43143286,9.896495673,52.68296347
705,43162914,9.931214671,49.33893917
706,43162954,9.930704041,49.69865479
707,43162972,9.930471134,49.86051268
708,43163044,9.929519546,50.50786437
709,43163098,9.928784199,50.99330346
710,43163422,9.923938476,53.90511127
711,43163458,9.923349374,54.22860846
712,43182730,9.960067952,47.6836085
713,43182744,9.959969931,47.80960091
714,43182784,9.959686456,48.16953821
715,43182798,9.959586027,48.29550238
716,43182820,9.959426918,48.49343209
717,43182888,9.958924918,49.1051128
718,43182906,9.958789392,49.26700403
719,43182942,9.95851493,49.59075828
720,43183036,9.957776123,50.43595613
721,43183122,9.957070719,51.20905033
722,43183428,9.954304623,53.95904255
723,43183468,9.95391025,54.31848435
724,43183482,9.953770264,54.44428967
725,43202722,9.986707895,47.61161585
726,43202746,9.986651958,47.82760571
727,43202926,9.986212492,49.44687878
728,43203016,9.985978687,50.25615159
729,43203034,9.985930727,50.4179823
730,43203412,9.98482003,53.81527359
731,43203502,9.984522829,54.62402036
732,43222730,10.01331068,47.68361497
733,43222748,10.01335273,47.84560385
734,43222856,10.0136123,48.81728828
735,43223108,10.01427082,51.08321443
736,43223216,10.01457821,52.05392305
737,43223266,10.01472613,52.5032738
738,43223312,10.01486552,52.91665621
739,43242812,10.04051504,48.4214596
740,43243280,10.04430464,52.62908032
741,43262834,10.06779193,48.61936547
742,43262960,10.06937338,49.75260836
743,43263126,10.07160466,51.24499074
744,43263184,10.07242714,51.76630197
745,43263302,10.0741747,52.82676982
746,43263338,10.0747287,53.15027851
747,43263454,10.07658462,54.19266426
748,43283052,10.09882346,50.57976424
749,43283088,10.09950944,50.90339072
750,43283124,10.10020737,51.2269924
751,43283142,10.10056091,51.38878476
752,43283160,10.10091755,51.55057191
753,43283178,10.10127734,51.71235416
754,43302768,10.12059854,48.02551171
755,43302778,10.120812,48.11549254
756,43302858,10.12255497,48.8352122
757,43302904,10.12358639,49.24895618
758,43302918,10.12390467,49.37486562
759,43302984,10.12543334,49.9683655
760,43303056,10.12715593,50.6156963
761,43303188,10.13047242,51.80220262
762,43303228,10.13152025,52.16169758
763,43303272,10.13269705,52.55712137
764,43303296,10.13334992,52.77279961
765,43322872,10.15017019,48.96110787
766,43322934,10.15188665,49.51872147
767,43322980,10.15319247,49.93236496
768,43323106,10.15691784,51.06513138
769,43323276,10.16231753,52.59303162
770,43323334,10.16426641,53.11424477
771,43323456,10.16855851,54.210545
772,43342756,10.17382956,47.9174582
773,43342774,10.17438258,48.07942877
774,43342932,10.17943597,49.50069516
775,43342968,10.18063976,49.8244225
776,43343040,10.18310921,50.4717791
777,43343112,10.18566458,51.11902242
778,43343458,10.19929122,54.22847135
779,43362748,10.20029052,47.84542186
780,43362802,10.20221349,48.33131342
781,43362816,10.20271974,48.45726817
782,43362996,10.20952698,50.07613916
783,43363252,10.22026452,52.37725516
784,43363284,10.22170376,52.66482958
785,43363356,10.22502792,53.31184447
786,43382746,10.22691608,47.82737181
787,43382794,10.22884891,48.25928369
788,43383160,10.24508478,51.55035892
789,43383172,10.24566643,51.6582137
790,43383214,10.24772933,52.0356897
791,43383262,10.25013986,52.46706503
792,43383316,10.25292156,52.95233681
793,43402726,10.25272546,47.64732454
794,43402934,10.262349,49.51851879
795,43402960,10.26361788,49.75232304
796,43402970,10.26411003,49.84224295
797,43403140,10.27284299,51.37053247
798,43403168,10.27435101,51.62219834
799,43403342,10.28420408,53.18591242
800,43422722,10.27913303,47.61126024
801,43423190,10.30455543,51.81985619
802,43423280,10.31013078,52.62868622
803,43442766,10.30808612,48.00714978
804,43442780,10.30884983,48.1331219
805,43442838,10.31206581,48.65493189
806,43442896,10.31536798,49.17663005
807,43442964,10.31935377,49.78814853
808,43442986,10.32067058,49.985966
809,43443018,10.3226104,50.27367912
810,43443126,10.32937949,51.24454689
811,43443202,10.33435892,51.92762674
812,43443256,10.33801156,52.4129267
813,43443270,10.33897463,52.53874022
814,43443324,10.3427532,53.02400592
815,43443356,10.34504142,53.3115621
816,43443374,10.346345,53.47331051
817,43443418,10.34958259,53.86869198
818,43443464,10.35304695,54.28204423
819,43462782,10.33582504,48.15103879
820,43463034,10.35172936,50.41744385
821,43463232,10.36562577,52.19715525
822,43463466,10.38391194,54.29992454
823,43482750,10.36064789,47.86301013
824,43482814,10.36476316,48.43886
825,43482918,10.37171147,49.37432026
826,43482930,10.37253482,49.48223676
827,43482994,10.37700463,50.05772552
828,43483092,10.38411591,50.93875333
829,43483120,10.38620963,51.19043977
830,43483260,10.39711739,52.448692
831,43483308,10.40103455,52.88004202
832,43483398,10.40864022,53.6887859
833,43502722,10.38546796,47.61093695
834,43502746,10.38709008,47.82692351
835,43502764,10.38831816,47.98889886
836,43503006,10.40584672,50.16552199
837,43503046,10.40893889,50.52513869
838,43503136,10.41611594,51.33415553
839,43503258,10.42635977,52.430617
840,43503456,10.444377,54.20985982
841,43522846,10.42121549,48.72653854
842,43523206,10.45101548,51.96318865
843,43523256,10.45557832,52.4125348
844,43523382,10.46759617,53.54479458
845,43542748,10.44063548,47.84471989
846,43542780,10.44312994,48.13266395
847,43542906,10.45331157,49.26609741
848,43542960,10.45785905,49.75170484
849,43543036,10.46445703,50.4350238
850,43543086,10.46892918,50.88450441
851,43543126,10.47258486,51.24405372
852,43543284,10.48774289,52.66404063
853,43543450,10.50501625,54.15570904
854,43562740,10.46668456,47.7726175
855,43562776,10.46965288,48.0965619
856,43562920,10.48202315,49.39188902
857,43563016,10.49073929,50.25509955
858,43563124,10.50102992,51.22595722
859,43563142,10.50279754,51.38774539
860,43563370,10.52659941,53.43671788
861,43563394,10.52926735,53.65237741
862,43563412,10.53128999,53.81412125
863,43582826,10.50093311,48.54628729
864,43583104,10.52760205,51.04605985
865,43583108,10.52801192,51.08201455
866,43583140,10.53131949,51.36964198
867,43583252,10.54331132,52.37621831
868,43583270,10.54530119,52.5379757
869,43583284,10.54686127,52.66378496
870,43583302,10.54888324,52.82553738
871,43583306,10.54933505,52.86148203
872,43583324,10.55137952,53.02323163
873,43583330,10.55206514,53.07714771
874,43583342,10.55344266,53.18497929
875,43583360,10.55552474,53.34672534
876,43583446,10.56574177,54.11950008
877,43602758,10.52166554,47.93435485
878,43602944,10.53949719,49.60746401
879,43602992,10.54435283,50.0390659
880,43603028,10.5480671,50.36272967
881,43603460,10.59812002,54.24515552
882,43622788,10.55133397,48.20415914
883,43622798,10.55231517,48.29413002
884,43622802,10.5527089,48.33011737
885,43622806,10.55310334,48.36610415
886,43622816,10.55409257,48.45606867
887,43622824,10.5548872,48.52803778
888,43622838,10.55628477,48.6539785
889,43622874,10.55991982,48.97779644
890,43623094,10.58350639,50.95589901
891,43623166,10.59177731,51.60304961
892,43623180,10.59341942,51.72887483
893,43623216,10.59769407,52.05241302
894,43642728,10.57214933,47.66412006
895,43642800,10.57946278,48.31198581
896,43642944,10.59482816,49.60718643
897,43643106,10.61339377,51.06361642
898,43643304,10.63814977,52.84306936
899,43643430,10.65523015,53.97527473
900,43662724,10.59834192,47.62797941
901,43662756,10.60170692,47.91594783
902,43662760,10.60213095,47.95194111
903,43662810,10.60749627,48.40180733
904,43663138,10.64594112,51.35108652
905,43663170,10.65002268,51.63869401
906,43663228,10.65758535,52.15994543
907,43663254,10.6610464,52.39359669
908,43663264,10.66238953,52.4834607
909,43663282,10.6648241,52.64521359
910,43663296,10.66673287,52.77101949
911,43663318,10.66975962,52.96871151
912,43663404,10.68192088,53.74148347
913,43682776,10.63067067,48.09575789
914,43682794,10.63268796,48.25770908
915,43682854,10.6395324,48.79746434
916,43682872,10.64162252,48.95936757
917,43682884,10.64302556,49.06729737
918,43683088,10.66811818,50.9015046
919,43683100,10.66967105,51.00936941
920,43683136,10.67438391,51.33294811
921,43683334,10.70184626,53.11231554
922,43683358,10.70536358,53.32797305
923,43702734,10.65266493,47.71766922
924,43703004,10.68547059,50.14620287
925,43703080,10.69547307,50.82942582
926,43703130,10.70225466,51.27885067
927,43703224,10.71545855,52.12365984
928,43722964,10.70811647,49.78638757
929,43723014,10.71479589,50.23593622
930,43723032,10.71723928,50.39775897
931,43723086,10.72469614,50.88318472
932,43723176,10.73756264,51.69210568
933,43723216,10.74346468,52.05158612
934,43723306,10.75717946,52.86035125
935,43723446,10.77979273,54.11833057
936,43723450,10.78046306,54.15427232
937,43742722,10.70446275,47.60934644
938,43742746,10.7074271,47.82532527
939,43742782,10.71193385,48.14925208
940,43742902,10.72749905,49.22868054
941,43742920,10.72990861,49.39055539
942,43743118,10.75780136,51.1706342
943,43743244,10.77698408,52.30302245
944,43743280,10.78268733,52.62652599
945,43743460,10.81281495,54.24392864
946,43762730,10.73206648,47.68116705
947,43762910,10.75605889,49.30044462
948,43762988,10.76708794,50.00181649
949,43763252,10.8076081,52.37471746
950,43763306,10.81656159,52.85996209
951,43782884,10.77983114,49.06642839
952,43782956,10.79024052,49.71390408
953,43783100,10.81214447,51.00845888
954,43783136,10.8178598,51.33203021
955,43783262,10.83867281,52.46437608
956,43783280,10.84175334,52.62612461
957,43783298,10.84486173,52.78787033
958,43802766,10.79028519,48.00474266
959,43802784,10.79280603,48.16669663
960,43802888,10.80778092,49.10220926
961,43803090,10.83901336,50.91837108
962,43803148,10.84854926,51.43967706
963,43803230,10.86249884,52.17660599
964,43803270,10.86951099,52.53605354
965,43803288,10.87271234,52.69779989
966,43822800,10.82201339,48.31044871
967,43822998,10.8523645,50.09112854
968,43823034,10.85818995,50.41477242
969,43823106,10.87014434,51.06197526
970,43842900,10.86443581,49.20972135
971,43842966,10.87504555,49.80320762
972,43843170,10.91001048,51.63696502
973,43843242,10.92319837,52.28400078
974,43843264,10.9273225,52.48169394
975,43843272,10.92883342,52.55358117
976,43843278,10.92997058,52.6074962
977,43843282,10.93073058,52.64343938
978,43843296,10.93340262,52.76923944
979,43843308,10.93570792,52.87706684
980,43843350,10.94388731,53.25445521
981,43843416,10.95709939,53.84747852
982,43843470,10.9682488,54.3326751
983,43862872,10.88733194,48.95768734
984,43862926,10.89614807,49.4433179
985,43862934,10.89747299,49.51525586
986,43862980,10.90518786,49.92886503
987,43863190,10.94262819,51.81647532
988,43863456,10.99596982,54.20663961
989,43882738,10.89302666,47.75197272
990,43882828,10.90739236,48.56170253
991,43882878,10.91563055,49.01143038
992,43882972,10.93164182,49.8567123
993,43883134,10.96095363,51.31296072
994,43883148,10.96359525,51.43878501
995,43883278,10.98900977,52.60702208
996,43883310,10.99552128,52.89456026
997,43883332,11.00005916,53.09223842
998,43902982,10.96124621,49.94638949
999,43903000,10.96450215,50.10821883
1000,43903090,10.98120455,50.91725294
1001,43903360,11.03593159,53.3435719
1002,43922812,10.95880795,48.41731758
1003,43922872,10.96923139,48.95700726
1004,43923118,11.01514137,51.16867223
1005,43923244,11.04083636,52.30100338
1006,43923394,11.07360079,53.64880066
1007,43942754,10.97572774,47.89526345
1008,43942820,10.98722585,48.48904579
1009,43942996,11.01964097,50.07177141
1010,43943180,11.05652942,51.72562296
1011,43943276,11.07712662,52.58828513
1012,43943284,11.07888778,52.66016917
1013,43943410,11.10758593,53.79228811
1014,43943420,11.10994366,53.88213625
1015,43943432,11.11278907,53.98995389
1016,43963394,11.13407631,53.6482533
1017,43982748,11.02810154,47.84078776
1018,43982780,11.03392088,48.12870612
1019,43982852,11.04732626,48.77638698
1020,43982888,11.05419585,49.10016216
1021,43983014,11.07916193,50.23307721
1022,43983158,11.10957751,51.52738036
1023,43983162,11.1104529,51.56332778
1024,43983212,11.12154095,52.01265067
1025,43983288,11.13892778,52.69556264
1026,43983320,11.14644832,52.98308839
1027,43983378,11.16039345,53.50421252
1028,43983400,11.16579187,53.70187664
1029,44003178,11.1429016,51.70683702
1030,44003286,11.16802751,52.67730701
1031,44022858,11.10292186,48.82982723
1032,44023246,11.18789049,52.31759962
1033,44023336,11.20999772,53.12626441
1034,44023416,11.23051234,53.84503615
1035,44042740,11.10664899,47.76802341
1036,44042800,11.1184422,48.30784757
1037,44042830,11.12445974,48.57771045
1038,44042890,11.13674466,49.11734538
1039,44042938,11.14681979,49.54897277
1040,44042974,11.15452498,49.87265038
1041,44043010,11.1623612,50.1962941
1042,44043154,11.19508266,51.49058201
1043,44043276,11.22465385,52.58686347
1044,44062716,11.12857094,47.55178368
1045,44062810,11.14743365,48.39752894
1046,44062864,11.15863791,48.88323837
1047,44062954,11.17794045,49.69254892
1048,44062986,11.18500046,49.98024837
1049,44063202,11.235573,51.92162785
1050,44063224,11.24102739,52.11931625
1051,44063400,11.28689029,53.70066023
1052,44083162,11.25464293,51.56187192
1053,44083302,11.29051382,52.81985243
1054,44083356,11.30503412,53.30502363
1055,44083410,11.31995901,53.79018055
1056,44102722,11.18290829,47.60521519
1057,44102884,11.21757233,49.06252485
1058,44103118,11.2724583,51.16614078
1059,44103214,11.29681394,52.02883345
1060,44103280,11.31423815,52.62186289
1061,44122736,11.21244813,47.73090217
1062,44122844,11.23593379,48.70248251
1063,44122952,11.26060629,49.67367171
1064,44123126,11.30307849,51.23772058
1065,44123180,11.31699651,51.72299169
1066,44123312,11.35261666,52.90904608
1067,44143010,11.30237943,50.19478353
1068,44143064,11.31583219,50.68017327
1069,44143154,11.33904042,51.48902248
1070,44143298,11.37836254,52.78292374
1071,44162798,11.27966184,48.28810257
1072,44162802,11.28057387,48.32408497
1073,44162896,11.3024919,49.16951346
1074,44162928,11.31017185,49.4572547
1075,44163086,11.34982453,50.87757821
1076,44163162,11.36998851,51.56057944
1077,44163194,11.37870385,51.84813006
1078,44163212,11.38366664,52.00987082
1079,44163234,11.38979235,52.20754824
1080,44163248,11.39372539,52.33333994
1081,44163288,11.40511479,52.69273333
1082,44163306,11.41031484,52.85445552
1083,44163360,11.42620134,53.33960812
1084,44163400,11.43825375,53.69897082
1085,44183124,11.38843535,51.21875386
1086,44183232,11.41847294,52.18923145
1087,44202738,11.31947972,47.74766609
1088,44202778,11.32880577,48.1075476
1089,44202858,11.34797112,48.82713496
1090,44202864,11.34943686,48.88109518
1091,44203002,11.38429577,50.12188113
1092,44203092,11.40827771,50.93082516
1093,44203134,11.41982761,51.30827488
1094,44203146,11.42317087,51.4161118
1095,44203182,11.43331854,51.73960839
1096,44203224,11.44538578,52.11699696
1097,44203246,11.45180718,52.31466762
1098,44203300,11.46787002,52.7998373
1099,44222808,11.36289406,48.37709039
1100,44222902,11.3862593,49.22248105
1101,44223082,11.43395058,50.84060241
1102,44223106,11.44062235,51.05629479
1103,44223124,11.44567698,51.21805681
1104,44223172,11.45937344,51.6493944
1105,44223208,11.46985835,51.97287391
1106,44223258,11.4847327,52.42212266
1107,44223286,11.49322517,52.67368988
1108,44223412,11.53296165,53.80567172
1109,44242806,11.38938048,48.35876471
1110,44242972,11.43213071,49.85150259
1111,44243098,11.46686592,50.98404159
1112,44243166,11.4865008,51.59511678
1113,44243206,11.49835796,51.95453749
1114,44243274,11.51905956,52.56550469
1115,44243278,11.52029923,52.60144236
1116,44262906,11.44220532,49.25775721
1117,44262982,11.46266637,49.94104573
1118,44263090,11.49302966,50.91178142
1119,44263122,11.50233089,51.19935868
1120,44263126,11.50350367,51.23530449
1121,44263162,11.51416157,51.55880411
1122,44263288,11.55298175,52.69090571
1123,44282812,11.44487198,48.41204342
1124,44282830,11.44953836,48.57394338
1125,44282836,11.45110232,48.62790753
1126,44282848,11.45424312,48.73583214
1127,44282854,11.45581997,48.78979263
1128,44282926,11.47508511,49.43722858
1129,44282984,11.49107856,49.95866302
1130,44283190,11.55157474,51.81002163
1131,44283232,11.56466755,52.18739142
1132,44283316,11.59168639,52.94207035
1133,44303198,11.58308706,51.88151684
1134,44303234,11.59454714,52.20497101
1135,44303366,11.63837193,53.3908544
1136,44322758,11.48458523,47.92556331
1137,44322920,11.52852354,49.3825476
1138,44342752,11.50973359,47.87121869
1139,44342838,11.53300371,48.64480308
1140,44342874,11.5430179,48.96855189
1141,44342892,11.54808732,49.13041047
1142,44343058,11.5968954,50.62267109
1143,44343140,11.62245959,51.35957218
1144,44343342,11.68998888,53.17442742
1145,44343418,11.71722404,53.85715331
1146,44343432,11.72235806,53.98291659
1147,44362908,11.58010152,49.27389337
1148,44362980,11.60132971,49.92119064
1149,44363142,11.65181426,51.37714085
1150,44382792,11.57425124,48.23030508
1151,44382828,11.58440463,48.55410543
1152,44383080,11.6604047,50.81958778
1153,44383092,11.66425363,50.92742778
1154,44383098,11.66618642,50.98134668
1155,44383116,11.67201836,51.14309914
1156,44383152,11.68383547,51.46658602
1157,44383200,11.69991707,51.89786822
1158,44383218,11.70604589,52.05959026
1159,44383228,11.70947435,52.14943396
1160,44402818,11.60859537,48.4637766
1161,44402962,11.65145058,49.75858497
1162,44402992,11.66074459,50.02825953
1163,44403046,11.67780823,50.5136162
1164,44403106,11.69728887,51.05282373
1165,44403172,11.71937784,51.64587142
1166,44403196,11.72758777,51.86150718
1167,44403424,11.81068148,53.90973794
1168,44422810,11.63328519,48.39142791
1169,44422846,11.64387149,48.71519949
1170,44423134,11.73524583,51.30400581
1171,44423202,11.7587149,51.91498485
1172,44423382,11.82479558,53.53201066
1173,44423422,11.84031639,53.89131953
1174,44423440,11.8474059,54.05300723
1175,44442892,11.68504498,49.1284356
1176,44443122,11.75978873,51.19574858
1177,44443216,11.79278486,52.0403274
1178,44443230,11.79783053,52.16610441
1179,44443234,11.79927858,52.20204023
1180,44443270,11.81244108,52.52545404
1181,44443356,11.84486226,53.29800331
1182,44443392,11.85885914,53.62138132
1183,44463286,11.84792247,52.668736
1184,44482808,11.71363725,48.37221569
1185,44482834,11.72163602,48.60605049
1186,44482856,11.72847856,48.80389233
1187,44482888,11.73855513,49.0916335
1188,44483006,11.77702961,50.15241221
1189,44483096,11.80784457,50.96123993
1190,44483114,11.8141682,51.12298451
1191,44483176,11.83637585,51.68005903
1192,44483198,11.84441863,51.87771533
1193,44483222,11.85329223,52.09333234
1194,44483338,11.89770549,53.13538711
1195,44502938,11.78222208,49.54073207
1196,44503046,11.81874981,50.51147117
1197,44503226,11.88397859,52.12880663
1198,44503244,11.89082235,52.29051149
1199,44503370,11.94049283,53.42235353
1200,44503442,11.97033743,54.0690764
1201,44522744,11.74769166,47.79567858
1202,44522928,11.80650275,49.45039432
1203,44523126,11.87566471,51.22990219
1204,44523270,11.9302736,52.52360521
1205,44523310,11.94614652,52.88292058
1206,44523360,11.96644278,53.33204597
1207,44542782,11.78629063,48.13708053
1208,44542962,11.84566887,49.7555886
1209,44543196,11.93075033,51.85835156
1210,44543250,11.95179281,52.34346314
1211,44543376,12.00315579,53.47527011
1212,44562976,11.87831359,49.8809741
1213,44563080,11.91575208,50.81563501
1214,44563098,11.92242197,50.9773781
1215,44563210,11.96525422,51.9836441
1216,44563260,11.98514803,52.43280802
1217,44563354,12.02392016,53.27716438
1218,44563408,12.04704344,53.76219228
1219,44563434,12.05840774,53.99572028
1220,44582728,11.8226005,47.65043073
1221,44582862,11.86655495,48.85565116
1222,44582974,11.90541671,49.86253399
1223,44583118,11.95847962,51.15660688
1224,44583142,11.96768435,51.37224238
1225,44583160,11.97465853,51.53396218
1226,44583168,11.97777782,51.60583586
1227,44602792,11.87016062,48.22568923
1228,44602950,11.92459925,49.64633717
1229,44603022,11.9507598,50.29347128
1230,44603224,12.02914079,52.10842669
1231,44603238,12.03486428,52.23419005
1232,44603242,12.03650685,52.27012197
1233,44603256,12.04228161,52.39588214
1234,44603314,12.06663996,52.9168657
1235,44603400,12.10409619,53.68930868
1236,44603404,12.10587869,53.7252353
1237,44622820,11.90655639,48.47704969
1238,44622838,11.91272592,48.6389187
1239,44623086,12.00317395,50.86810522
1240,44623090,12.00472116,50.90404692
1241,44623248,12.0683001,52.32351259
1242,44623270,12.07755095,52.52113052
1243,44623324,12.10069371,53.00617126
1244,44643262,12.1035811,52.44875431
1245,44643268,12.10614742,52.50264897
1246,44643358,12.14558376,53.31102703
1247,44643430,12.1784576,53.95769089
1248,44662754,11.93779567,47.88249802
1249,44662802,11.95432807,48.31422963
1250,44662916,11.99506856,49.3392628
1251,44663072,12.05442986,50.74131149
1252,44663180,12.09818767,51.71163403
1253,44663198,12.10570645,51.87333433
1254,44663338,12.16653167,53.13086078
1255,44682830,11.99121879,48.56555108
1256,44682992,12.05134113,50.0218931
1257,44683172,12.12374698,51.63924611
1258,44683226,12.14672713,52.1243326
1259,44702744,11.98773629,47.7915883
1260,44702878,12.03588189,48.99665223
1261,44703158,12.14668728,51.5129505
1262,44703212,12.16982015,51.99804221
1263,44703256,12.1891289,52.39327052
1264,44703274,12.19715024,52.55494784
1265,44703374,12.24305835,53.45309859
1266,44703378,12.24494352,53.48902309
1267,44722764,12.02150166,47.97100227
1268,44722872,12.06094756,48.94220781
1269,44723466,12.31809811,54.27877429
1270,44742732,12.0367916,47.68266095
1271,44743044,12.15613549,50.48764641
1272,44743210,12.22714627,51.97899284
1273,44762764,12.07502674,47.97000493
1274,44762812,12.09277713,48.4016942
1275,44762836,12.10179798,48.61750686
1276,44762848,12.10634549,48.72540552
1277,44762890,12.12245977,49.10301225
1278,44763132,12.22172083,51.27776245
1279,44763142,12.22607372,51.36759885
1280,44763222,12.26167122,52.08622812
1281,44763232,12.26622001,52.17604985
1282,44763262,12.28000231,52.44550713
1283,44763286,12.29117723,52.66106515
1284,44763294,12.2949321,52.73291642
1285,44763430,12.36114786,53.9543111
1286,44782914,12.15930168,49.31823719
1287,44783296,12.32547864,52.75030802
1288,44783364,12.35846545,53.36100994
1289,44783454,12.40392242,54.16924888
1290,44802744,12.12107868,47.78908884
1291,44802780,12.13457534,48.11288436
1292,44802816,12.14829268,48.43663008
1293,44802874,12.17087018,48.95812213
1294,44802946,12.19974715,49.60533707
1295,44802964,12.20711832,49.76711626
1296,44803176,12.29883101,51.67191099
1297,44803212,12.31535796,51.99527762
1298,44803216,12.31721239,52.03120601
1299,44803324,12.36869995,53.00119596
1300,44822776,12.15988242,48.07638685
1301,44822794,12.16678647,48.23826658
1302,44822854,12.19021074,48.77777925
1303,44822926,12.21918174,49.42503195
1304,44822974,12.2390391,49.85644473
1305,44823082,12.28539063,50.82689813
1306,44823244,12.35958943,52.28211975
1307,44823280,12.37689549,52.60544744
1308,44823334,12.40344626,53.09041263
1309,44823394,12.43381088,53.62923509
1310,44823406,12.43999634,53.73699706
1311,44842784,12.18979894,48.14780479
1312,44842834,12.20942687,48.59742043
1313,44842892,12.23276236,49.11886364
1314,44842934,12.25005334,49.49639182
1315,44843216,12.37546934,52.0300489
1316,44843230,12.38215233,52.15579273
1317,44843348,12.44037114,53.21553969
1318,44843366,12.44956012,53.37718456
1319,44843392,12.46298288,53.61066793
1320,44843414,12.47448116,53.80822802
1321,44843438,12.48717434,54.02374595
1322,44843450,12.49358032,54.13150429
1323,44862848,12.24216608,48.72275278
1324,44882770,12.23795785,48.02081874
1325,44882802,12.25069402,48.30859322
1326,44882852,12.27096751,48.7581648
1327,44882928,12.30268539,49.44134979
1328,44882950,12.31207669,49.63907989
1329,44882978,12.32416934,49.89071594
1330,44883126,12.39081357,51.2204585
1331,44883184,12.41825012,51.74144616
1332,44883234,12.44253493,52.19052828
1333,44883396,12.52551075,53.64535093
1334,44903340,12.52592787,53.14185464
1335,44903466,12.59421566,54.27328248
1336,44922768,12.29072268,48.00172908
1337,44922804,12.30539335,48.32546725
1338,44923048,12.41147915,50.51854369
1339,44923066,12.41979553,50.68026149
1340,44923084,12.42818361,50.8419718
1341,44923152,12.46053483,51.45281529
1342,44923174,12.47123154,51.65042202
1343,44923206,12.48699703,51.93783524
1344,44923218,12.49297323,52.045611
1345,44923236,12.50200408,52.20727065
1346,44923254,12.51111572,52.3689258
1347,44923272,12.5203092,52.53057675
1348,44923290,12.5295856,52.69222384
1349,44923300,12.53477538,52.78202622
1350,44923314,12.54208499,52.9077478
1351,44923426,12.60246911,53.91346461
1352,44942794,12.32819418,48.23498097
1353,44942872,12.36104549,48.93626925
1354,44942974,12.40581971,49.85303262
1355,44943186,12.50606587,51.75759014
1356,44943268,12.54769018,52.49402915
1357,44962756,12.33932477,47.89267938
1358,44962878,12.39092927,48.98962512
1359,44962896,12.39878901,49.15142499
1360,44962918,12.40848432,49.34916611
1361,44963130,12.50721986,51.25398038
1362,44963202,12.54309872,51.90067021
1363,44963220,12.55226762,52.06232901
1364,44963472,12.68972243,54.32518795
1365,44983054,12.49889478,50.57064182
1366,44983158,12.54981374,51.50485785
1367,44983194,12.56804531,51.82819101
1368,44983234,12.58868369,52.18742525
1369,45002758,12.39360434,47.90951441
1370,45002890,12.45089536,49.09630881
1371,45003092,12.54562755,50.91139491
1372,45003106,12.55253496,51.03715458
1373,45022808,12.44186745,48.35854139
1374,45022834,12.45325994,48.5923026
1375,45022856,12.46300556,48.79008148
1376,45022946,12.50391507,49.59900735
1377,45023176,12.61667231,51.66525261
1378,45023284,12.67411138,52.63512968
1379,45023302,12.68398773,52.79676077
1380,45042812,12.47059476,48.39390733
1381,45043070,12.59146861,50.71250517
1382,45043172,12.64347049,51.62868034
1383,45062748,12.46944163,47.81780529
1384,45062784,12.4851682,48.14154176
1385,45062798,12.49135324,48.26742552
1386,45062842,12.51104915,48.66301222
1387,45062870,12.52378992,48.91471288
1388,45062924,12.54882875,49.40006086
1389,45063104,12.63700524,51.01727644
1390,45063162,12.66706797,51.53821534
1391,45063274,12.727588,52.54400022
1392,45063310,12.74776601,52.86725157
1393,45063428,12.81654292,53.92671596
1394,45102750,12.52368442,47.83457673
1395,45102786,12.53976455,48.1583014
1396,45102904,12.59434963,49.21905886
1397,45103156,12.72146842,51.48300266
1398,45103272,12.78537554,52.52468011
1399,45103282,12.79105843,52.61447072
1400,45103308,12.80596772,52.84792076
1401,45103336,12.82224333,53.0993204
1402,45122758,12.55395982,47.90590165
1403,45123226,12.788771,52.11094197
1404,45123286,12.82287123,52.64969282
1405,45123304,12.83330183,52.81130913
1406,45123358,12.86516699,53.29613785
1407,45142738,12.57164329,47.72541862
1408,45142806,12.60271497,48.33687097
1409,45142900,12.64727522,49.18182858
1410,45143116,12.75735758,51.12240713
1411,45143454,12.95461581,54.1572724
1412,45162820,12.63624948,48.46209643
1413,45162852,12.65145585,48.74975626
1414,45163216,12.84141809,52.01975836
1415,45163414,12.95980205,53.79744508
1416,45182740,12.62582143,47.74214052
1417,45182836,12.67092007,48.60528283
1418,45182848,12.67669646,48.71315102
1419,45183100,12.80573058,50.97733624
1420,45183250,12.89023487,52.32434083
1421,45183394,12.97749472,53.6171629
1422,45202754,12.65898091,47.86739434
1423,45202780,12.67120143,48.10117976
1424,45202816,12.68836024,48.42483873
1425,45202838,12.69898477,48.62260618
1426,45202880,12.71956629,49.00011378
1427,45203096,12.83199693,50.94071776
1428,45203194,12.88694673,51.82079833
1429,45203240,12.91366032,52.23383717
1430,45203356,12.98380413,53.2752861
1431,45203446,13.04114164,54.08322266
1432,45222812,12.71341771,48.38822096
1433,45222830,12.7221737,48.55003225
1434,45222866,12.73990234,48.87361928
1435,45222912,12.76298531,49.28702602
1436,45223118,12.87266391,51.13760115
1437,45242910,12.78943024,49.26837488
1438,45243104,12.89334456,51.0111604
1439,45243216,12.9578731,52.0168987
1440,45243238,12.97096909,52.21442814
1441,45243248,12.97696906,52.30421181
1442,45243288,13.00126935,52.66333246
1443,45243302,13.00988976,52.78901982
1444,45243306,13.01236388,52.82493007
1445,45243418,13.08371395,53.83035504
1446,45262854,12.7883216,48.76441449
1447,45263232,12.99658826,52.15982167
1448,45263286,13.02956821,52.64463209
1449,45282846,12.81144063,48.69182649
1450,45282904,12.8412195,49.21308154
1451,45283188,12.99930839,51.76402268
1452,45283260,13.04294758,52.41046238
1453,45283278,13.05410266,52.57206013
1454,45283282,13.05659519,52.60797015
1455,45283408,13.13773966,53.73904779
1456,45303412,13.17070774,53.77417029
1457,45322810,12.84728053,48.36685343
1458,45322860,12.87297229,48.81626832
1459,45322878,12.88236574,48.97803554
1460,45323098,13.00376162,50.95437812
1461,45323112,13.01192292,51.08010192
1462,45323152,13.03554683,51.4392894
1463,45323188,13.05720406,51.76253069
1464,45323202,13.06572971,51.88822918
1465,45323310,13.13351987,52.85779999
1466,45343216,13.10342216,52.01316273
1467,45362764,12.87764342,47.95191934
1468,45363322,13.20075928,52.96395201
1469,45383230,13.17052397,52.13730255
1470,45383240,13.17691064,52.22707518
1471,45383270,13.19626165,52.49638394
1472,45383306,13.21986804,52.81953793
1473,45383374,13.26564223,53.42989908
1474,45403142,13.1443363,51.34645796
1475,45422726,12.93824069,47.60812559
1476,45422824,12.98956672,48.48913674
1477,45422842,12.9992434,48.65091405
1478,45423112,13.15450954,51.0763127
1479,45423166,13.18802078,51.56116183
1480,45423284,13.2644039,52.62045871
1481,45423288,13.26707223,52.65636331
1482,45423302,13.27645359,52.78202775
1483,45423338,13.30088236,53.10515397
1484,45442728,12.9658404,47.62539136
1485,45442854,13.03291264,48.75802216
1486,45443304,13.30742454,52.79916576
1487,45462850,13.05787766,48.72133228
1488,45463110,13.21029158,51.05679009
1489,45463192,13.26240091,51.79299355
1490,45463200,13.26759705,51.86481115
1491,45463368,13.38162037,53.37275516
1492,45482830,13.07395269,48.54084474
1493,45483096,13.23002445,50.93029224
1494,45483118,13.24383093,51.12782717
1495,45483226,13.31378576,52.09739692
1496,45483438,13.46252753,54.00011824
1497,45503080,13.24841134,50.78582911
1498,45522816,13.12023199,48.41351105
1499,45523068,13.2692046,50.67727638
1500,45523162,13.32946905,51.52124009
1501,45523252,13.38980862,52.32912144
1502,45523324,13.44005528,52.97533354
1503,45543160,13.35693617,51.50246276
1504,45543208,13.38902814,51.93334369
1505,45543316,13.46407546,52.90268275
1506,45562852,13.19478697,48.73549081
1507,45563108,13.35149162,51.03480135
1508,45563180,13.39910694,51.68116837
1509,45563342,13.51260743,53.13515261
1510,45563356,13.52285508,53.26078868
1511,45563438,13.58437022,53.99662065
1512,45583100,13.37474486,50.96215001
1513,45583106,13.37866777,51.01601831
1514,45583154,13.41046279,51.44693509
1515,45583172,13.42257782,51.60851608
1516,45583190,13.43479959,51.77009055
1517,45583208,13.44712947,51.93165881
1518,45583298,13.51044988,52.73941767
1519,45583334,13.53658525,53.06248839
1520,45602806,13.22241701,48.32054549
1521,45602816,13.2281712,48.41041613
1522,45603068,13.38227937,50.67401086
1523,45603130,13.42308022,51.23064488
1524,45603292,13.53568421,52.68470099
1525,45623070,13.41185392,50.69113419
1526,45623286,13.56085825,52.62997896
1527,45642828,13.28919136,48.51666493
1528,45643084,13.44939813,50.815987
1529,45643098,13.45872831,50.94167594
1530,45643218,13.54134469,52.0188295
1531,45643314,13.61103679,52.8803614
1532,45662866,13.33901271,48.85729683
1533,45663154,13.52542218,51.4435216
1534,45663160,13.52958395,51.49737805
1535,45663226,13.5761769,52.08975128
1536,45663298,13.62876587,52.73588926
1537,45682886,13.37848533,49.03615748
1538,45683170,13.56537493,51.58626292
1539,45683188,13.57809717,51.7478205
1540,45683220,13.60099308,52.03501837
1541,45683238,13.61403128,52.19655891
1542,45683278,13.64342447,52.55551842
1543,45683350,13.69783647,53.20158686
1544,45702852,13.38488222,48.72987199
1545,45703230,13.63739386,52.12387039
1546,45703288,13.68037956,52.64434886
1547,45703360,13.73550631,53.29039241
1548,45723100,13.57381481,50.95617484
1549,45723250,13.68136476,52.30244715
1550,45723304,13.72206815,52.78700375
1551,45723316,13.73126358,52.89467718
1552,45742826,13.42315222,48.49460203
1553,45743126,13.6204777,51.1886767
1554,45743204,13.67655971,51.88873606
1555,45743216,13.68537886,51.9964265
1556,45743266,13.72269239,52.44510881
1557,45743270,13.72571761,52.48100158
1558,45763154,13.66909877,51.43909578
1559,45783086,13.64924165,50.82784006
1560,45783202,13.73310619,51.86896197
1561,45783284,13.79532737,52.60476397
1562,45783302,13.80932837,52.76626669
1563,45783346,13.84409074,53.16103204
1564,45803124,13.70476194,51.16802387
1565,45803232,13.78475579,52.13724179
1566,45803340,13.8691301,53.10624833
1567,45823084,13.70452423,50.80808143
1568,45823098,13.71454158,50.93374581
1569,45823146,13.74940303,51.36455861
1570,45823156,13.75676813,51.45430452
1571,45823182,13.77608575,51.68763366
1572,45823278,13.84958578,52.54904187
1573,45823296,13.86376071,52.71053826
1574,45843172,13.79745753,51.59696207
1575,45843240,13.84929716,52.20714189
1576,45843316,13.90933712,52.8890102
1577,45862846,13.59819175,48.66915314
1578,45863134,13.79784526,51.25500672
1579,45863206,13.85218484,51.90111765
1580,45863256,13.89106434,52.34974433
1581,45863292,13.91966018,52.6727285
1582,45882852,13.62923094,48.72217116
1583,45882870,13.64106153,48.88386008
1584,45883266,13.92832954,52.43849819
1585,45883320,13.97195769,52.9229461
1586,45903214,13.91647771,51.97098475
1587,45903268,13.95930842,52.45546772
1588,45903358,14.03330692,53.26283412
1589,45923114,13.86859458,51.0726899
1590,45923158,13.90199217,51.46754086
1591,45923252,13.97578645,52.31094528
1592,45923266,13.98707244,52.43654424
1593,45923270,13.99031145,52.47242904
1594,45923288,14.00496713,52.63390734
1595,45942858,13.71468549,48.77337942
1596,45943172,13.94159389,51.59219911
1597,45963234,14.01975212,52.14748747
1598,45963284,14.06065136,52.59603249
1599,45963310,14.08232502,52.82925931
1600,45963320,14.09073657,52.91895917
1601,45963328,14.09749633,52.990718
1602,45963342,14.10939175,53.1162938
1603,45963382,14.14384729,53.47506769
1604,45983106,13.94796648,50.99801514
1605,45983142,13.9757312,51.32106209
1606,45983214,14.03273651,51.96706621
1607,45983232,14.04730451,52.12855026
1608,45983286,14.0917949,52.6129664
1609,45983304,14.10689287,52.77442742
1610,45983376,14.16867146,53.42022419
1611,46003134,13.99812806,51.248297
1612,46003260,14.09955521,52.37872731
1613,46003278,14.11456545,52.54019188
1614,46003300,14.13309515,52.73753004
1615,46003362,14.18643056,53.29362538
1616,46003390,14.21107215,53.54474845
1617,46023190,14.07135847,51.74975272
1618,46023334,14.19191141,53.04145918
1619,46023376,14.228742,53.41814457
1620,46043152,14.06965316,51.40781989
1621,46043206,14.11334646,51.89228493
1622,46043346,14.23220148,53.14804252
1623,46043364,14.24809712,53.30947458
1624,46063090,14.04923973,50.85050622
1625,46063266,14.19263415,52.42947736
1626,46063270,14.19603923,52.46535558
1627,46063374,14.28701038,53.39809936
1628,46083208,14.17303288,51.90818455
1629,46083280,14.23402581,52.55400801
1630,46083304,14.25484638,52.76926162
1631,46103090,14.10596295,50.84850346
1632,46103104,14.11707941,50.97412395
1633,46103168,14.16886271,51.54832551
1634,46103252,14.23932488,52.30182378
1635,46103302,14.2826765,52.75026961
1636,46103338,14.31456817,53.07312492
1637,46123154,14.18611098,51.42170108
1638,46143140,14.2032792,51.29507141
1639,46143198,14.251619,51.81536875
1640,46143212,14.26349362,51.94094641
1641,46143288,14.32940629,52.6225851
1642,46143292,14.33294477,52.65845786
1643,46163160,14.24853887,51.47345129
1644,46163196,14.27887785,51.79637832
1645,46163214,14.29424863,51.95783099
1646,46163250,14.32540144,52.2807161
1647,46163286,14.35711444,52.60357617
1648,46183120,14.24396546,51.1135676
1649,46183138,14.2588783,51.27504818
1650,46183264,14.36700957,52.40520144
1651,46183272,14.37410415,52.47694611
1652,46203136,14.28582293,51.25605596
1653,46203244,14.37861953,52.22475804
1654,46223224,14.39016857,52.04430946
1655,46223292,14.45097933,52.65411839
1656,46243176,14.37728391,51.61272456
1657,46263100,14.34117851,50.92992529
1658,46283230,14.48286679,52.09483631
1659,46283270,14.51919872,52.45352295
1660,46303172,14.46024307,51.57358567
1661,46303208,14.49219619,51.89644122
1662,46303244,14.52471837,52.21926789
1663,46323122,14.44530436,51.12403388
1664,46323140,14.46092934,51.28548339
1665,46323144,14.46442004,51.32135992
1666,46323180,14.4961427,51.6442306
1667,46363192,14.56466821,51.74961313
1668,46363218,14.58836256,51.98275779
1669,46383154,14.5592716,51.40771645
1670,46403130,14.56648915,51.1913561
1671,46403134,14.5700516,51.22722969
1672,46403170,14.60242557,51.55007329
1673,46403220,14.64834086,51.99841435
1674,46423126,14.59147258,51.15435701
1675,46423144,14.6076266,51.31578222
1676,46423216,14.67367258,51.96140102
1677,46443124,14.61821302,51.13528878
1678,46443178,14.66735458,51.61952819
1679,46483136,14.68620484,51.24061388
1680,46543138,14.77383125,51.25505878
1681,46543152,14.78692369,51.38058627
1682,46563124,14.78934582,51.1283524
1683,46603108,14.83136114,50.98252407
1684,46623118,14.86921591,51.07099461
1685,46643144,14.92256515,51.30289254
