OID_,Point_ID,long,lat,OC
0,0,51.08562704162501,15.199206788344531,0.0
1,1,67.8418366450332,65.32760314633167,0.0
2,2,66.81668720902755,64.4896736003491,0.0
3,3,47.762230072034924,15.913580826058144,0.0
4,4,49.22145558019027,41.15310819396286,0.0
5,5,52.88853770476875,48.65125125555502,0.0
6,6,58.39265667083435,38.185688609595694,0.0
7,7,63.36787469335642,51.78612434044539,0.0
8,8,52.993803652155755,11.440957420999766,0.0
9,9,49.093231389488196,15.231240853617912,0.0
10,10,44.40971740422661,10.233935544900415,0.0
11,11,55.04175492744438,38.02137649702646,0.0
12,12,49.4279227539579,29.278622975431542,0.0
13,13,46.23296784826135,12.302550915490597,0.0
14,14,69.72618660201275,62.54362480402665,0.0
15,15,53.730674277822054,19.833982308913694,0.0
16,16,66.74939446449004,57.985361566064256,0.0
17,17,63.18187136860865,57.516352150805965,0.0
18,18,41.44231661083905,22.781387432843093,0.0
19,19,37.327605641974586,14.436551210001374,0.0
20,20,61.36553125911459,40.976214312618616,0.0
21,21,50.28913645889851,40.37651656814737,0.0
22,22,63.06790554578388,31.043981225944766,0.0
23,23,45.82394311876435,3.773684012419112,0.0
24,24,63.2149069316215,55.873914236534794,0.0
25,25,52.45080327607559,26.8185479927463,0.0
26,26,39.63056637512779,-2.6891802678932315,0.0
27,27,55.40693782082299,9.50617827641566,0.0
28,28,62.465118801154745,46.33457394835147,0.0
29,29,56.429516270499455,40.93252748071343,0.0
30,30,49.05504788376321,22.478939492145926,0.0
31,31,58.50470962664158,54.679862271874654,0.0
32,32,51.461244524335164,14.026261705144332,0.0
33,33,53.23792809539763,-0.14827786370472307,0.0
34,34,52.16170382397855,26.49914348767166,0.0
35,35,46.56594760654082,-0.4661422081364369,0.0
36,36,58.8513971279162,16.75822592912218,0.0
37,37,41.997496678522346,25.193264790143164,0.0
38,38,43.16597741238602,-6.687660338863614,0.0
39,39,65.07008800566223,53.88809486996266,0.0
40,40,56.53936006043524,14.112722954436046,0.0
41,41,57.52521301198209,50.12364087081152,0.0
42,42,41.26862148138244,-4.395892300669931,0.0
43,43,68.75736116769194,48.56665935935469,0.0
44,44,43.656952658596275,0.267000172466142,0.0
45,45,40.87981989806399,24.258142828237155,0.0
46,46,45.41309391395115,18.45592944171823,0.0
47,47,48.51224929336724,36.064138101734244,0.0
48,48,64.13680638993719,41.57153929099304,0.0
49,49,55.63932123289314,-5.279898611132372,0.0
50,50,47.24606320547082,47.50800926054717,0.0
51,51,62.30082693413035,23.65572590035415,0.0
52,52,40.48744030790052,16.589894468392426,0.0
53,53,62.78662979587814,16.1027428514707,0.0
54,54,51.92590066420039,11.552136669682207,0.0
55,55,56.515460511303864,40.07267165717252,0.0
56,56,45.95608067908657,41.413416344712424,0.0
57,57,68.5931538199339,57.77141346799661,0.0
58,58,62.54233198611932,41.03440457596183,0.0
59,59,56.677968163364625,51.75079636419065,0.0
60,60,64.28303584248691,24.786061331046348,0.0
61,61,54.84816084224111,38.06815831695892,0.0
62,62,53.42473179813862,33.17733421413276,0.0
63,63,54.21484627121661,19.355288703248743,0.0
64,64,61.4114353306414,46.26204133342537,0.0
65,65,66.60921286962434,52.27919595871212,0.0
66,66,61.3574345522684,51.287903713709426,0.0
67,67,43.11870788242125,19.06731837151838,0.0
68,68,54.722824749128705,46.56063237207405,0.0
69,69,62.03511840694961,40.49175350660092,0.0
70,70,57.526384295343384,51.513352657902374,0.0
71,71,66.29183783141085,23.332574464205912,0.0
72,72,52.018913264696636,5.81624301541531,0.0
73,73,46.233928424485036,27.594045987486385,0.0
74,74,67.93738192979615,27.85206974908192,0.0
75,75,50.937781917538004,43.81942376426423,0.0
76,76,55.10798571900763,28.882723821405364,0.0
77,77,47.1794109393176,31.104163532985787,0.0
78,78,51.96895229193723,0.06480309650615554,0.0
79,79,57.2719180346364,42.03210054065399,0.0
80,80,44.09754404746331,41.42424489083282,0.0
81,81,44.60110301448088,17.280646854708877,0.0
82,82,39.39372535112958,16.287325125741038,0.0
83,83,53.058285465663246,14.519956722142537,0.0
84,84,59.72465750957555,5.848570975305665,0.0
85,85,52.86184218320421,13.034234635956604,0.0
86,86,53.32512255488919,9.232365246996743,0.0
87,87,59.39176559683667,46.9569598473983,0.0
88,88,40.5507596327936,22.433433693714512,0.0
89,89,45.639847061360314,38.82138953482866,0.0
90,90,58.19166522375304,33.35384557252151,0.0
91,91,64.35618081679885,55.97270292904795,0.0
92,92,43.099407271466774,-2.004576693444996,0.0
93,93,59.09640957855524,16.277834184305412,0.0
94,94,43.36451492613777,10.848746984941037,0.0
95,95,69.50807408136873,24.430141250898963,0.0
96,96,43.69961526420949,2.4853702289196535,0.0
97,97,51.603406135281034,58.57858735620349,0.0
98,98,53.89730491387812,50.15961081480748,0.0
99,99,54.39538795662845,53.727418888756475,0.0
100,100,54.62086770010439,-7.963860979050608,0.0
101,101,59.6726367315565,33.57206204703101,0.0
102,102,39.177375566527154,-9.341925446428588,0.0
103,103,63.3082477687809,45.24913331957779,0.0
104,104,62.51933396364162,57.9310669274976,0.0
105,105,54.481860916651215,49.11224454868112,0.0
106,106,67.51331909500732,25.78107299375266,0.0
107,107,45.95145386217392,41.91377107165456,0.0
108,108,47.02129390848972,47.147204992061205,0.0
109,109,65.77290955248267,45.30311228581086,0.0
110,110,53.79566872167598,52.67864814066563,0.0
111,111,65.06817209706918,51.63234351724974,0.0
112,112,68.45589667883753,45.87310177385953,0.0
113,113,61.28899660568171,31.662280018930602,0.0
114,114,64.29248039456758,47.53114815668361,0.0
115,115,57.607431055201275,-2.873521481592884,0.0
116,116,62.58394013174823,39.593804988571705,0.0
117,117,57.028517854164825,24.667183191456875,0.0
118,118,48.989878884304304,29.54188322999285,0.0
119,119,44.733206422092664,47.156904722106106,0.0
120,120,55.80198170988088,40.146822528104316,0.0
121,121,55.8639151181306,54.956384659477855,0.0
122,122,51.89033434436571,5.660851334445439,0.0
123,123,54.096600859351376,33.98216264432575,0.0
124,124,65.52683426019088,46.55939962826221,0.0
125,125,50.93377036823866,55.045576973087506,0.0
126,126,58.58933253469853,25.76099063331741,0.0
127,127,53.499362893930844,20.524092621813626,0.0
128,128,58.60847841382784,13.350520832512423,0.0
129,129,60.59600216031108,44.16898162687451,0.0
130,130,49.81978462419831,31.145780208572877,0.0
131,131,42.54300446966192,-2.06794181097363,0.0
132,132,63.05922788153657,53.16546386290363,0.0
133,133,49.31952235279611,31.04804261297975,0.0
134,134,53.1738321406844,55.38554016903489,0.0
135,135,38.043051424260206,-4.352558295699687,0.0
136,136,66.0764022658741,43.61093202349974,0.0
137,137,46.93540173523941,32.75731305034478,0.0
138,138,50.63149436516692,41.69680244369623,0.0
139,139,47.51493825975393,6.242853727013326,0.0
140,140,43.64968313495567,42.77474528316428,0.0
141,141,52.899356684644054,43.71076305598912,0.0
142,142,43.07253944094005,-4.586704293160648,0.0
143,143,60.91506941092408,11.786707117452654,0.0
144,144,47.998373046830295,45.12591514385013,0.0
145,145,47.329968879049645,43.554456585642946,0.0
146,146,60.83914156256104,57.95137073852742,0.0
147,147,65.57533344744505,52.094549319073785,0.0
148,148,53.587181068734886,34.54077837453705,0.0
149,149,50.9204037359531,61.417588424125775,0.0
150,150,51.29567239544093,55.70603004601411,0.0
151,151,46.53710670338341,8.180382207453844,0.0
152,152,47.892861307030444,45.20563965990482,0.0
153,153,53.20697792801028,54.941951871886616,0.0
154,154,48.40112759640231,31.590415522507197,0.0
155,155,44.131002453867495,23.159771549514854,0.0
156,156,49.94763840836103,45.6332542702836,0.0
157,157,61.82129833055823,42.26833904254494,0.0
158,158,61.19633347049028,43.516799956873584,0.0
159,159,64.63657419680098,50.39970201051396,0.0
160,160,47.32599974045,24.156877947954527,0.0
161,161,57.72345885928418,43.4255028694269,0.0
162,162,62.32751269633134,55.519865805661816,0.0
163,163,40.86588816210444,-3.7249513800398004,0.0
164,164,42.6848109348543,2.8357640439088256,0.0
165,165,42.38215378867061,-2.4518688987174313,0.0
166,166,45.79911797757037,29.850919879440923,0.0
167,167,66.81839883790681,50.35867491247951,0.0
168,168,41.17311506246002,16.64521245624896,0.0
169,169,55.61418341257869,55.364497672469334,0.0
170,170,42.761040743565886,24.727917969185793,0.0
171,171,47.76440970881689,2.3162879300246084,0.0
172,172,57.93756998795976,48.65315922313166,0.0
173,173,46.36621245955294,2.6846527158103815,0.0
174,174,51.82616753077794,9.041139923706954,0.0
175,175,42.29923550704547,3.0265987164393207,0.0
176,176,53.489419484714055,-8.577318703718538,0.0
177,177,47.37323566506431,5.168419389308921,0.0
178,178,48.72909942637156,9.071079966795429,0.0
179,179,39.0875599806749,16.716954483923757,0.0
180,180,50.30931202612211,28.906897265255694,0.0
181,181,47.93999624042853,26.877598979866242,0.0
182,182,43.804455786662615,18.499202106458377,0.0
183,183,60.40502534039419,53.24100255951795,0.0
184,184,42.004064646003876,-2.403681005100447,0.0
185,185,60.87733225456492,53.76612284648947,0.0
186,186,52.91884446525828,31.207234832222337,0.0
187,187,65.95720512458149,22.225131123091764,0.0
188,188,45.541711882030334,35.15054376678966,0.0
189,189,61.18606669926051,32.897301160910814,0.0
190,190,42.50021793027616,-4.468590035701813,0.0
191,191,43.43173836274012,11.254191776773226,0.0
192,192,46.71849779328863,-1.8796212797493845,0.0
193,193,56.993063016348984,49.66351268307741,0.0
194,194,55.669816598461665,31.572507697966127,0.0
195,195,58.8991797782465,55.34327509321926,0.0
196,196,62.14223433350839,53.29437401386145,0.0
197,197,45.15787328500674,37.07747157744942,0.0
198,198,67.14241591538945,25.03525817907103,0.0
199,199,56.84278409808763,37.40518210318868,0.0
200,200,48.214402148761366,36.71082846462655,0.0
201,201,46.34080997100994,8.837235932460345,0.0
202,202,63.483230254790435,49.370211048230146,0.0
203,203,61.73720936557469,6.311981821040172,0.0
204,204,46.99051928823102,43.82990954807416,0.0
205,205,54.717588385907206,26.886715082824196,0.0
206,206,53.39753784953903,52.813875087292885,0.0
207,207,51.59618917635893,49.90814686182019,0.0
208,208,65.36200508116313,25.43866981591392,0.0
209,209,46.14815503632003,10.916855686484606,0.0
210,210,36.4006127668514,-6.155044856173428,0.0
211,211,44.10611998756315,44.674513229526184,0.0
212,212,67.33645938582487,54.8166943808156,0.0
213,213,54.735156968051754,11.24261487675231,0.0
214,214,60.415912469346786,40.339896866732985,0.0
215,215,66.88023316406463,38.71448352109456,0.0
216,216,49.69889481761085,35.02963763100677,0.0
217,217,63.02583182930166,43.10385004253713,0.0
218,218,38.61214741268075,-6.361576264503125,0.0
219,219,64.26578622985909,35.64903012702141,0.0
220,220,67.01100232167732,35.67627680788234,0.0
221,221,59.48798711819526,10.793750389673962,0.0
222,222,51.878645359734655,38.232271274281366,0.0
223,223,42.80824497164471,18.27306024629242,0.0
224,224,61.61895042097724,34.0282949068221,0.0
225,225,57.866074962947636,14.74251530494563,0.0
226,226,61.71424323786109,28.916552641739493,0.0
227,227,39.79076675623944,-7.48069844581422,0.0
228,228,55.320317018185605,24.057454938303415,0.0
229,229,46.22094134733065,26.059216999807926,0.0
230,230,44.03104959750722,46.91545839317932,0.0
231,231,60.32537966374289,39.201664881809045,0.0
232,232,47.02755450045552,35.329396144618414,0.0
233,233,47.824801249493326,31.529468682108437,0.0
234,234,42.68458637253851,13.621692905622048,0.0
235,235,55.76839934082021,52.26261134061361,0.0
236,236,47.01839542268272,6.673074117379676,0.0
237,237,56.86595754915783,12.76247076613209,0.0
238,238,47.416718895651094,16.81976450508814,0.0
239,239,67.22122901926564,45.323882309430175,0.0
240,240,51.31264692055138,47.930323923489915,0.0
241,241,56.87120016759688,57.08758177764113,0.0
242,242,47.922764436389095,5.374720348845663,0.0
243,243,59.792681151432134,45.36299574549385,0.0
244,244,51.43055914171796,13.312747556174347,0.0
245,245,56.82513859592819,-3.548691495853279,0.0
246,246,43.70071229482173,45.83050263031536,0.0
247,247,51.74521218117568,19.7176232234658,0.0
248,248,57.20761334225215,-3.1452623426572277,0.0
249,249,56.32367948742356,38.462448228768295,0.0
250,250,45.61395949333448,10.687680215419086,0.0
251,251,51.796107323347336,13.85933694374059,0.0
252,252,52.70916217601891,26.835604243926745,0.0
253,253,58.29783024322975,41.07522975261206,0.0
254,254,40.09804221685804,22.126327307626052,0.0
255,255,53.161710824368676,43.146815139431226,0.0
256,256,50.67991946469119,35.35356545276562,0.0
257,257,47.2728656983475,47.79509779838556,0.0
258,258,44.65651281946331,22.6368155109118,0.0
259,259,56.387062071851865,47.749324909061514,0.0
260,260,49.616932489704766,36.060450060585666,0.0
261,261,58.97497200966452,17.188499567264596,0.0
262,262,50.64010111724097,17.41406579189072,0.0
263,263,66.67624311359255,46.37374714240534,0.0
264,264,67.57018632657568,18.642061572312553,0.0
265,265,48.96556295067983,8.772973426816995,0.0
266,266,61.40789680089495,8.096852677883202,0.0
267,267,43.70173052205329,46.63431619423733,0.0
268,268,62.04389080594614,35.96605067353688,0.0
269,269,60.76206078212821,11.659071222088143,0.0
270,270,45.487050929192044,27.807574162587724,0.0
271,271,51.642837793420675,40.940883702455956,0.0
272,272,47.204186352749616,48.28317062792435,0.0
273,273,53.64224745359716,36.860378704134185,0.0
274,274,61.69447102965759,30.441497235846448,0.0
275,275,56.00261993964604,14.08507171215844,0.0
276,276,44.481898671893155,3.606794442199723,0.0
277,277,46.03597743343712,9.975284490408713,0.0
278,278,47.32768009355184,15.176280728468228,0.0
279,279,45.762032868335396,40.582125715619185,0.0
280,280,68.98166279783975,34.45624539472239,0.0
281,281,46.78383404158745,16.83926159466905,0.0
282,282,45.701600276290435,48.16097482578093,0.0
283,283,46.51817141735505,17.89550833379986,0.0
284,284,54.84010041620988,-6.827300665378574,0.0
285,285,52.432610744785876,-8.384225011951134,0.0
286,286,63.496782828119414,32.00195786792944,0.0
287,287,55.325602159066186,42.43902567272385,0.0
288,288,38.80320295141687,20.677513159512515,0.0
289,289,51.46678257596753,6.870124153046534,0.0
290,290,62.847779369707844,37.464038137342065,0.0
291,291,57.09126047411668,33.880569068892754,0.0
292,292,63.846666960272124,15.704743588598712,0.0
293,293,51.74899529933512,24.130656934543367,0.0
294,294,50.989030373795146,36.82746825160056,0.0
295,295,52.856703972451626,23.627341878093436,0.0
296,296,52.47979183271733,32.9127818054344,0.0
297,297,47.19408764703159,35.208825021501745,0.0
298,298,64.50838384574273,19.03192065156994,0.0
299,299,53.549410041009565,12.009533183573685,0.0
300,300,44.60284284903035,47.617920420918196,0.0
301,301,52.76561914162911,57.50422559604792,0.0
302,302,44.952173199027094,48.04164513527435,0.0
303,303,69.72519143896687,29.2142562951548,0.0
304,304,45.48556965291738,3.628800424073848,0.0
305,305,66.18369593746368,44.31532045707973,0.0
306,306,50.65152034082374,13.794419469150302,0.0
307,307,37.7148971496378,-2.664277173800893,0.0
308,308,40.37548965962451,-2.986831498286054,0.0
309,309,46.186725619664244,34.446859210422524,0.0
310,310,38.41886287227949,16.13045582184691,0.0
311,311,52.14950177560163,55.06150022512827,0.0
312,312,52.75102621954585,44.85348729539876,0.0
313,313,66.16108369716805,58.15763712332854,0.0
314,314,51.98528908372493,15.05589548715402,0.0
315,315,57.741828688447825,13.011292366077539,0.0
316,316,54.29004476750141,28.140832598863835,0.0
317,317,45.57134153727842,45.75356214936923,0.0
318,318,45.44466409788656,24.211047891654584,0.0
319,319,47.349307864729994,11.204473896681169,0.0
320,320,48.46008763292762,5.9991415005979585,0.0
321,321,55.81931274978749,58.14934173300764,0.0
322,322,52.45911877210519,25.631851161562317,0.0
323,323,58.77438279914112,30.67493615721144,0.0
324,324,59.81156052229716,13.018953960424165,0.0
325,325,61.34994079538626,23.965736342650835,0.0
326,326,42.21458946519981,26.231282466665583,0.0
327,327,62.83602473985302,14.7234148288144,0.0
328,328,46.814853671781044,39.66461386394454,0.0
329,329,58.48885887584129,32.83936302794559,0.0
330,330,67.02176320722984,28.065950868686098,0.0
331,331,44.6532705143341,0.7893239416630832,0.0
332,332,48.929146928458216,28.634743832321245,0.0
333,333,51.63863578241424,58.661579199615176,0.0
334,334,60.53664757096873,15.893940263380367,0.0
335,335,47.176845786595436,34.72887901376952,0.0
336,336,67.78150774627431,59.78271516478495,0.0
337,337,51.92498701735463,59.32540076523931,0.0
338,338,49.243334203857536,17.70073511509955,0.0
339,339,56.18068229745042,14.13655212831853,0.0
340,340,52.2801120328776,21.66457716366977,0.0
341,341,60.711521352092504,31.607768627959935,0.0
342,342,44.340533609585115,10.336303536544657,0.0
343,343,48.938600784217336,21.00456051922786,0.0
344,344,65.83092234082721,25.820824415981498,0.0
345,345,60.14667128607778,58.887048610611,0.0
346,346,51.193172360245754,10.375009343256474,0.0
347,347,53.919405266700856,28.299979234310822,0.0
348,348,42.19651170126157,24.331671325627322,0.0
349,349,41.588716403281005,-0.6100462087540822,0.0
350,350,59.142943031908885,17.310387091219454,0.0
351,351,62.64795641327638,7.0469974391323085,0.0
352,352,59.7240235672614,6.447221949683036,0.0
353,353,59.672892514965326,31.150087099593964,0.0
354,354,52.3082554364088,48.02948656628228,0.0
355,355,57.40205976524034,36.20487259042494,0.0
356,356,51.02269104252679,48.84399998258717,0.0
357,357,58.91314749905278,32.0399837782828,0.0
358,358,57.05323362741096,-4.133219372806187,0.0
359,359,50.155945799709464,27.256287432086737,0.0
360,360,62.51915297307449,54.609321558844776,0.0
361,361,62.16706568117535,58.22566380599694,0.0
362,362,62.22410783888377,9.989748236741688,0.0
363,363,51.438357361209306,22.277133813902207,0.0
364,364,44.12871991647148,4.631802307060544,0.0
365,365,48.564768968322,4.150140889889512,0.0
366,366,56.75902376385199,9.908308309289358,0.0
367,367,62.186957423406575,35.72524799247692,0.0
368,368,46.7289868349902,42.45438704238521,0.0
369,369,55.72101927262616,52.85154863104303,0.0
370,370,46.09910954249636,15.851010190637819,0.0
371,371,52.09700208840254,11.906305872562374,0.0
372,372,56.313087736102055,31.261276038932042,0.0
373,373,48.69429626980753,23.128967007405027,0.0
374,374,57.0154257037308,57.56777442359282,0.0
375,375,46.14663457343889,39.30281934716739,0.0
376,376,59.33321715320646,35.37973334844699,0.0
377,377,54.81651930922473,33.810120538202824,0.0
378,378,64.70113237342149,49.57778840237928,0.0
379,379,53.71432636715574,30.76816284218289,0.0
380,380,43.89239615882048,24.123937892812734,0.0
381,381,48.55248556241162,22.938663159087355,0.0
382,382,52.0827218499644,48.04689859774595,0.0
383,383,35.49477563780667,23.61127213371562,0.0
384,384,54.548393476341566,51.39932252058385,0.0
385,385,47.91978099461353,41.262645379970785,0.0
386,386,57.41066733226222,41.95961937903699,0.0
387,387,44.495377954593536,9.745177759022953,0.0
388,388,67.7431009884278,55.12132364336356,0.0
389,389,49.05264868288613,34.49726496900967,0.0
390,390,43.95677655789405,18.727625179507108,0.0
391,391,53.8515521327204,-2.0915001416689556,0.0
392,392,63.21664754589943,44.824081190857115,0.0
393,393,56.89531404905115,39.56989791554783,0.0
394,394,52.37587005191289,12.597374973995516,0.0
395,395,67.77619138528011,59.013086985367615,0.0
396,396,52.75032731394455,17.220406387320853,0.0
397,397,49.27273630926747,17.54197830284119,0.0
398,398,60.13328058157448,6.530013762522846,0.0
399,399,65.50445222342265,47.24403233941886,0.0
400,400,56.66476596589083,13.26638412137766,0.0
401,401,64.45425154058209,16.048909718794818,0.0
402,402,66.77979806887123,33.41156575261849,0.0
403,403,39.62369507399734,20.98600506610386,0.0
404,404,54.79676742578476,43.214223845433146,0.0
405,405,52.03497030708567,55.60532465053332,0.0
406,406,50.00720886257897,12.055555034572906,0.0
407,407,44.36080898808662,20.247910114878636,0.0
408,408,45.83150266014515,41.62727364478647,0.0
409,409,66.45838659835279,29.22812812340241,0.0
410,410,54.004386637087116,-0.26252347145151883,0.0
411,411,45.49292157364531,20.426094964808055,0.0
412,412,46.75233088849291,42.828807864405036,0.0
413,413,51.91897804427857,15.9908545068569,0.0
414,414,68.58710629092339,60.58977222602247,0.0
415,415,58.134974197795536,33.62778874909345,0.0
416,416,52.388850951280155,46.485396619024264,0.0
417,417,49.431041100596254,25.56572497747348,0.0
418,418,65.79159360775172,45.220921406954744,0.0
419,419,43.52717150606356,5.835835232372226,0.0
420,420,43.01218353455757,43.09657107264807,0.0
421,421,57.495845506575066,22.133643530376716,0.0
422,422,50.93859203750115,43.015508609200836,0.0
423,423,46.996243482956544,5.854697492399713,0.0
424,424,57.944415604909004,14.123674548665212,0.0
425,425,62.84894462673376,53.71728033273651,0.0
426,426,55.11563780422411,-1.8737952918896281,0.0
427,427,51.39987036541083,56.58778738637064,0.0
428,428,46.01517073709725,41.45357527818575,0.0
429,429,53.128942917347224,41.619049434767504,0.0
430,430,47.43881913377725,13.535452513797091,0.0
431,431,52.79253577194757,4.8769479534004585,0.0
432,432,63.89558167182602,38.21346461263088,0.0
433,433,66.06369833102525,24.389160267843803,0.0
434,434,52.74600587799777,47.17426119404138,0.0
435,435,64.40676574539287,12.75543955746468,0.0
436,436,58.63539037702043,44.30068614268078,0.0
437,437,58.72375375020185,51.99844181741149,0.0
438,438,41.79516237383235,-8.547847016099457,0.0
439,439,51.575269462277205,14.67746772846322,0.0
440,440,52.35008797122343,-8.733507578441877,0.0
441,441,66.65638815853748,51.71632389316873,0.0
442,442,49.4427564688498,42.52488263769584,0.0
443,443,58.91491172439748,53.255153973586125,0.0
444,444,54.90463658067111,41.80413432278879,0.0
445,445,41.02293796791235,24.098203335809274,0.0
446,446,45.84177588106965,18.292829194331254,0.0
447,447,68.63878475190053,27.954024558007294,0.0
448,448,54.01496585266633,39.32338826808815,0.0
449,449,45.65331702462281,47.115040264138315,0.0
450,450,51.03866079860846,37.78761515376366,0.0
451,451,48.75677352300262,8.454992893850317,0.0
452,452,61.51416093237396,49.07585909717742,0.0
453,453,60.858606801943864,52.858669317198185,0.0
454,454,46.72376245217113,-0.8599149330856948,0.0
455,455,58.86157559756134,52.4792346410202,0.0
456,456,46.5907644115904,38.07916838805861,0.0
457,457,41.8158849455666,2.2241018684344414,0.0
458,458,48.1225385367743,38.647053253428695,0.0
459,459,55.63657256250855,49.29406362672124,0.0
460,460,62.37215418969149,35.220176987773385,0.0
461,461,57.817776965846114,32.64985686495945,0.0
462,462,63.67306120310253,45.96266041764416,0.0
463,463,57.69056490276521,29.186326166292933,0.0
464,464,48.43719704928808,19.755470643352933,0.0
465,465,38.85227279535218,-0.6117190825282456,0.0
466,466,55.33028597145226,26.46015843421053,0.0
467,467,44.371270645827245,19.474678357753753,0.0
468,468,68.79120131091209,64.59912460525872,0.0
469,469,49.99743228165863,42.10626659319083,0.0
470,470,57.418307561354496,15.59154139648134,0.0
471,471,39.38825845993192,-0.9107014418106633,0.0
472,472,50.08044278467195,11.349635659068234,0.0
473,473,36.98222780538027,-5.865548802614668,0.0
474,474,60.41970376663185,34.61317362591317,0.0
475,475,43.88884786472863,2.5524348939258648,0.0
476,476,60.34636222947918,32.60464439517923,0.0
477,477,43.320284435585314,42.15037919110736,0.0
478,478,42.929506632587525,11.784986401375257,0.0
479,479,42.57046883992026,-1.1166580480709674,0.0
480,480,42.593303370086204,13.689896827591024,0.0
481,481,69.36294982623578,19.831001673709405,0.0
482,482,55.35804958943337,31.897775513965893,0.0
483,483,53.2436462907818,29.76763325691817,0.0
484,484,52.336424568675575,49.8362546156122,0.0
485,485,47.86054797187637,22.67256097804979,0.0
486,486,39.834597197904564,-6.775163438300012,0.0
487,487,58.39620282751583,46.75256539281971,0.0
488,488,68.20806151489217,13.689597496944952,0.0
489,489,44.34006348024225,39.54066479957836,0.0
490,490,57.02720807266579,29.322479977588976,0.0
491,491,51.40363019598926,56.270226149552116,0.0
492,492,61.12558251836492,52.19346842759999,0.0
493,493,60.46778435622109,30.36715264635339,0.0
494,494,63.26333253435754,14.544909679300082,0.0
495,495,67.55231875135095,26.176866673124216,0.0
496,496,60.539938024736834,26.34518371722417,0.0
497,497,51.642104438855476,48.262709096098725,0.0
498,498,56.076981844736316,46.275329735456516,0.0
499,499,39.00655517627618,22.308298870297836,0.0
500,500,49.445191344511,36.597559864857644,0.0
501,501,40.39723838040135,-8.190746606616798,0.0
502,502,54.02662134487141,58.15658684662373,0.0
503,503,37.183174924165385,13.847894373651993,0.0
504,504,51.81805085216728,37.23025366912698,0.0
505,505,38.01519756450905,-3.490143532185487,0.0
506,506,45.01842146674338,39.030765971120374,0.0
507,507,67.61301650572874,65.53318481181203,0.0
508,508,43.49191063106458,-6.75841025283213,0.0
509,509,41.04340686016786,-7.522413104886735,0.0
510,510,59.2250923095377,47.7591859551286,0.0
511,511,42.22486608268011,-6.738116244729321,0.0
512,512,59.552734673895905,51.94791809281968,0.0
513,513,63.77340514884506,48.27718383262734,0.0
514,514,38.614918317167685,23.86181362215903,0.0
515,515,51.87554091647621,53.271502117579296,0.0
516,516,48.78975905214969,7.10756370649241,0.0
517,517,48.92767803890836,15.123495972322264,0.0
518,518,49.83925558219821,20.163810263661844,0.0
519,519,58.34046436661738,14.62579748494996,0.0
520,520,41.9832579396076,22.467852507478856,0.0
521,521,44.29532210181647,43.9045130423126,0.0
522,522,48.318494750334295,15.755625889147304,0.0
523,523,46.357250933082135,23.836137694418245,0.0
524,524,68.7015233469701,18.719976895886433,0.0
525,525,60.09000196694047,8.588725014332194,0.0
526,526,58.33509233674077,25.694875999030682,0.0
527,527,60.31970983968663,51.371229894750606,0.0
528,528,46.28029039986915,22.34686630012035,0.0
529,529,66.09991313990244,54.74051507830514,0.0
530,530,54.9951608430374,53.25533662353841,0.0
531,531,39.415630934684266,3.1520098406744994,0.0
532,532,41.38060800262139,-0.13103322797145375,0.0
533,533,66.09891797943229,29.08457496697835,0.0
534,534,47.13697482614667,-1.9055840990771726,0.0
535,535,42.947382219678865,44.72836109657063,0.0
536,536,55.12630735188457,23.678094446181607,0.0
537,537,49.200431662963894,39.26423429126346,0.0
538,538,51.7860314544915,36.58130137944876,0.0
539,539,56.50831003583181,47.16322684873077,0.0
540,540,63.39250618314718,47.30003292232158,0.0
541,541,51.72693761185596,37.64651874335533,0.0
542,542,57.93294027753743,-4.504220025530006,0.0
543,543,48.592381482241464,37.32094454274531,0.0
544,544,41.54337743126202,24.075174374145828,0.0
545,545,61.306325639759315,13.257758701441032,0.0
546,546,43.214768464072385,-1.3336477883098432,0.0
547,547,39.37917913451589,22.193742035550315,0.0
548,548,56.616666628985186,52.051976162195984,0.0
549,549,51.83206288353214,36.76146229667598,0.0
550,550,51.044617068372325,61.118200508716996,0.0
551,551,52.64373679655226,12.98217361369892,0.0
552,552,59.966939085305576,41.978044706374185,0.0
553,553,43.42056415254475,6.379926013019157,0.0
554,554,48.843852515606855,30.44006170134419,0.0
555,555,51.01096249913414,22.063425112993755,0.0
556,556,59.96917722986152,42.01305535223208,0.0
557,557,62.149750733402875,15.98598554783604,0.0
558,558,53.7044703054826,26.21310717765337,0.0
559,559,53.90278996958216,48.40650731741299,0.0
560,560,60.718969223500196,41.83188611014852,0.0
561,561,59.725282188820366,29.823500856113363,0.0
562,562,52.54379906268466,47.912703105383635,0.0
563,563,61.4440862586801,42.78887545550705,0.0
564,564,61.52066304675558,7.1719999382141415,0.0
565,565,62.20636437152275,11.31112012026726,0.0
566,566,63.95536455875562,55.44180640133298,0.0
567,567,42.397026248746464,-8.310614971874967,0.0
568,568,50.459146635464776,41.68319588158489,0.0
569,569,51.9510940138404,24.783665234806673,0.0
570,570,52.047366089410886,5.924857259673914,0.0
571,571,63.41850147848104,16.89123169943327,0.0
572,572,60.870581797951594,35.648036495002266,0.0
573,573,65.11727534637984,44.449146983654344,0.0
574,574,64.15592063164812,24.423582312972783,0.0
575,575,51.06002802748003,40.64004709216934,0.0
576,576,38.724602953275486,-8.108038690652098,0.0
577,577,45.65806310699305,17.86966838483768,0.0
578,578,63.259964691562836,26.663199462862032,0.0
579,579,47.53635020816268,6.61528350990184,0.0
580,580,59.45474264545753,41.89098185894299,0.0
581,581,47.40657299928631,37.99798518206337,0.0
582,582,62.20357390213026,33.67757899793096,0.0
583,583,57.58106766142996,33.67143360859655,0.0
584,584,58.16778849930514,45.56509988618944,0.0
585,585,41.92695824303069,48.193649211604544,0.0
586,586,65.05223628978027,45.07251384448918,0.0
587,587,38.46407883191171,16.320832828751605,0.0
588,588,52.914367827056154,26.954184669980155,0.0
589,589,57.185583719666816,30.318502504574724,0.0
590,590,49.745613784842355,23.386643100669236,0.0
591,591,64.89403995805033,34.691368301932826,0.0
592,592,44.36065108916165,26.96260084962369,0.0
593,593,68.7721006896295,34.14571269412122,0.0
594,594,44.86253423293262,40.98857430807488,0.0
595,595,48.15394780384391,14.289388039948708,0.0
596,596,54.47203643110639,38.95277024788428,0.0
597,597,58.204621093656236,38.44545536529328,0.0
598,598,49.86751267392864,6.258935100813621,0.0
599,599,50.74035673270245,27.362065401424314,0.0
600,600,39.56606860806973,20.58758681462072,0.0
601,601,48.33711021800256,25.978275602954668,0.0
602,602,47.923894810443294,22.592662865776482,0.0
603,603,44.680440292771465,28.49506222003907,0.0
604,604,48.06076070054311,29.006930191050667,0.0
605,605,40.8550016359306,-6.389719859651178,0.0
606,606,45.53772362854005,19.044676418059765,0.0
607,607,51.85745120532611,7.1104656761508025,0.0
608,608,52.69054952164432,28.696881196925485,0.0
609,609,60.455460856792904,41.32998966913445,0.0
610,610,45.46714704751831,34.73498390487838,0.0
611,611,57.22746641746878,54.47894651849764,0.0
612,612,58.42107040320185,54.84677071627881,0.0
613,613,54.66552813835678,56.45844557054695,0.0
614,614,63.93077182541021,45.61410890424706,0.0
615,615,62.35351160134038,30.561034112688432,0.0
616,616,39.86266129825266,-3.0778544386198035,0.0
617,617,48.83647884601465,2.066068712519852,0.0
618,618,38.63801127428189,-3.0067033025830794,0.0
619,619,54.31652623814765,23.45947777334547,0.0
620,620,69.00781832306389,29.18421886441899,0.0
621,621,67.73858704382931,63.574492317455224,0.0
622,622,58.713107228643516,11.799913720535361,0.0
623,623,50.14802613338874,24.461428984209764,0.0
624,624,45.572893120556344,46.68387394979149,0.0
625,625,53.58569788184751,-7.150529533425567,0.0
626,626,53.59270857550422,16.375797042628445,0.0
627,627,63.351683646339715,23.801864338166812,0.0
628,628,67.39858464420006,39.64963433785531,0.0
629,629,41.166471108397225,-8.58406643647459,0.0
630,630,39.599183751711585,19.910164781049147,0.0
631,631,53.08057706627915,-3.738368810799526,0.0
632,632,57.481409932682325,38.65279746547398,0.0
633,633,65.06027792709729,51.92745504148713,0.0
634,634,59.31230611381184,7.197527672776512,0.0
635,635,53.864315358486415,22.678915311530744,0.0
636,636,44.78663662943224,-0.5333081981197056,0.0
637,637,53.5937483702582,38.93259747642201,0.0
638,638,69.21978220690055,21.304498053189263,0.0
639,639,44.610162119033035,2.0824411766003954,0.0
640,640,56.121403489120205,52.05243137527719,0.0
641,641,47.247054543520235,11.471438119274312,0.0
642,642,54.963581104484184,27.365636138571215,0.0
643,643,44.44451049541155,16.00199904523916,0.0
644,644,41.671035323729285,-4.615317381529403,0.0
645,645,67.5769077560323,25.173305303417884,0.0
646,646,67.4765605488542,38.06623812656377,0.0
647,647,49.36331218657805,30.78333067429116,0.0
648,648,67.29222211084964,62.450225802253314,0.0
649,649,49.30812632388903,43.22967428939818,0.0
650,650,55.742802518785,22.43812088749002,0.0
651,651,59.01055631228182,58.371701151704016,0.0
652,652,56.07514930037968,25.129788830511757,0.0
653,653,41.102255113384,-0.0669739663917326,0.0
654,654,60.63249659776956,12.149425510142066,0.0
655,655,55.29249190598662,33.886560123781095,0.0
656,656,61.0721169454197,13.479409139171732,0.0
657,657,57.0980448013246,48.4181594444695,0.0
658,658,41.1891816918006,24.272353490027864,0.0
659,659,56.115186959519605,28.590792548573162,0.0
660,660,50.29364183850219,1.568919422833681,0.0
661,661,60.933310813373716,27.641834915427253,0.0
662,662,46.43360653940084,1.7555953176415304,0.0
663,663,64.34128299652068,50.7219685430789,0.0
664,664,67.83780272043063,16.10079828635075,0.0
665,665,60.38875874331695,42.01462089359862,0.0
666,666,69.5081706897236,23.836343183908802,0.0
667,667,62.263092008069556,11.209333134742257,0.0
668,668,47.790166225558146,34.029447768010066,0.0
669,669,56.829335081628244,56.376505321509384,0.0
670,670,54.70445772009385,56.20218255339389,0.0
671,671,47.91682186897571,22.193499990883932,0.0
672,672,54.44682629893838,-3.084900526289859,0.0
673,673,43.70417944645289,-0.7056818025931736,0.0
674,674,41.92906973141215,21.512925211260654,0.0
675,675,41.386075388291474,24.600060519890764,0.0
676,676,51.94319668998818,23.547978022862328,0.0
677,677,45.61096569941725,9.271868623952631,0.0
678,678,53.99517097153887,-7.924013295057734,0.0
679,679,66.43435710586873,28.65041483165247,0.0
680,680,37.70132715291711,-8.345206169329026,0.0
681,681,61.7868601907591,14.2554710818363,0.0
682,682,68.71851246888113,28.916827670518334,0.0
683,683,42.77664020469366,-1.3047743895210961,0.0
684,684,46.397581242269005,29.742856169956294,0.0
685,685,58.340766555272864,45.63907813994198,0.0
686,686,56.20143816696159,48.59020279270014,0.0
687,687,67.72857809346804,35.44963669193382,0.0
688,688,45.128197851982,46.99182022744737,0.0
689,689,53.35282594820562,55.1887248124451,0.0
690,690,41.255469251456624,20.934418635608235,0.0
691,691,51.56726773400857,58.54644685212967,0.0
692,692,46.47308423059894,26.711359263362645,0.0
693,693,44.853367748469836,43.05259301978051,0.0
694,694,45.56268792577483,34.379455978363616,0.0
695,695,67.72245758027621,36.00814117641722,0.0
696,696,53.36219762145439,48.73617103510495,0.0
697,697,55.09168654961172,27.506578044427535,0.0
698,698,64.80088457209179,43.676006849053984,0.0
699,699,47.42371372521405,26.907551541781665,0.0
700,700,49.10265154680557,46.73226811765604,0.0
701,701,51.71423107152688,5.731712042352125,0.0
702,702,56.386769477488386,47.71117785882979,0.0
703,703,38.960684715380204,-1.0050816230921709,0.0
704,704,45.72371751189492,43.09008625769449,0.0
705,705,54.81331905795241,38.51472681037607,0.0
706,706,58.817180120568,17.039130913228412,0.0
707,707,41.58751776041239,-6.974370207667455,0.0
708,708,56.415367032095766,-5.1525899051014425,0.0
709,709,45.66760040431127,40.88510863858146,0.0
710,710,51.48768245408016,48.556998462260424,0.0
711,711,56.113277177418496,34.227534961747345,0.0
712,712,59.78414817469214,33.32372894673045,0.0
713,713,56.36057216695514,47.26859056227877,0.0
714,714,65.02765745912329,16.591245148417315,0.0
715,715,52.224526685825005,38.32409321238847,0.0
716,716,44.375871306272245,25.592331495344617,0.0
717,717,63.43762024606328,55.21821630710456,0.0
718,718,50.89009373031304,24.719468260851905,0.0
719,719,48.38594957848752,1.02181572586772,0.0
720,720,62.338920725095996,29.20160916213957,0.0
721,721,50.20117133752737,28.847326419268775,0.0
722,722,51.389311604048245,38.58334567032677,0.0
723,723,54.57334213588745,25.136211992498133,0.0
724,724,37.98425403124308,23.072571646867672,0.0
725,725,44.46370387126585,16.370816648977332,0.0
726,726,49.47636238385601,6.357639732678911,0.0
727,727,60.95134839358442,39.65924144542106,0.0
728,728,53.80413719093681,42.18411196176477,0.0
729,729,61.96942195448637,46.16089848020241,0.0
730,730,51.125640516259494,23.330249536100414,0.0
731,731,62.02173813674155,52.4631158354491,0.0
732,732,63.36413618013801,44.47298498161836,0.0
733,733,37.818023906838924,-5.905408459212382,0.0
734,734,49.71035814128781,21.433117876862305,0.0
735,735,52.96695334748428,27.358471456896655,0.0
736,736,40.50503281330929,-0.9780699640948967,0.0
737,737,63.30830497892123,53.151931448278255,0.0
738,738,66.67480220584793,61.887128050018,0.0
739,739,52.262476801638314,10.533713363416112,0.0
740,740,50.757604485108125,28.969860596473183,0.0
741,741,58.9764084914642,36.072159862404334,0.0
742,742,61.5902824988386,29.324603531137484,0.0
743,743,47.96826576257723,3.700920779478624,0.0
744,744,42.08759194962447,2.3492179633015176,0.0
745,745,43.40073713708467,22.649676258775948,0.0
746,746,59.727555769612266,17.564963307292288,0.0
747,747,47.39934621317381,3.180294870965015,0.0
748,748,68.2077402868102,33.29202448942362,0.0
749,749,58.05901138010544,22.179370651696416,0.0
750,750,51.284860745341575,56.12622456796082,0.0
751,751,39.7670407433149,-3.537507724648135,0.0
752,752,66.15341430568328,60.20343867225061,0.0
753,753,60.07823814362516,54.45268930610732,0.0
754,754,67.35287710197831,55.35631139261884,0.0
755,755,56.05495667250668,36.85171364090555,0.0
756,756,63.305807385658824,38.593646938768316,0.0
757,757,50.19693794323996,35.74307020802796,0.0
758,758,37.463557524824395,-1.9186856192020594,0.0
759,759,47.59608183400878,21.50625885021713,0.0
760,760,64.52969164456665,41.361059675925205,0.0
761,761,57.35428886632962,57.285312739858426,0.0
762,762,43.41440009032579,-5.761703906758976,0.0
763,763,52.077733679570784,14.1959330959291,0.0
764,764,63.29122148886217,16.05420716368373,0.0
765,765,64.52955009632616,41.59587963702332,0.0
766,766,52.89087892342249,39.86547365190689,0.0
767,767,55.49552321034969,50.047616889156046,0.0
768,768,48.513929565947855,36.09985800869778,0.0
769,769,43.5709532263897,-7.638421228734183,0.0
770,770,49.37332952424447,13.897800758338251,0.0
771,771,65.15000616711477,16.18947807209103,0.0
772,772,63.076874926218665,23.9575976981646,0.0
773,773,55.317078585569675,54.59545789549989,0.0
774,774,50.24446082241854,38.99887465957831,0.0
775,775,47.173519220034656,38.74848398790698,0.0
776,776,65.80841198782394,50.884830280075036,0.0
777,777,67.96301991678659,62.59658766991875,0.0
778,778,46.483273352862795,3.4285020090447995,0.0
779,779,50.796708672570624,17.818312364892744,0.0
780,780,47.11388088782068,28.36475193189062,0.0
781,781,67.18500429565907,51.07432736947267,0.0
782,782,49.07470690709944,7.1650440279047745,0.0
783,783,62.89288998363805,43.57973813767557,0.0
784,784,49.9867911998249,22.28072033345146,0.0
785,785,49.820905936090384,4.564779698998976,0.0
786,786,48.53339883351668,31.58532149820258,0.0
787,787,47.59939530604905,42.17713978143438,0.0
788,788,62.45402563422106,50.80484873721377,0.0
789,789,50.7576460363413,24.019103161436387,0.0
790,790,65.52564369140208,25.556836208717446,0.0
791,791,65.72608720803554,57.754508460557865,0.0
792,792,48.26902159708458,14.353365390227173,0.0
793,793,54.68079409196578,23.42058940873169,0.0
794,794,42.76320813355052,11.83670504907582,0.0
795,795,52.18114973510607,19.344446960003012,0.0
796,796,51.17109811730517,12.218224920088685,0.0
797,797,44.463492112651544,28.458402786913165,0.0
798,798,66.38033561904248,50.35855598501623,0.0
799,799,52.42918469114683,-8.284329543960412,0.0
800,800,55.87985862270965,48.03617822646546,0.0
801,801,55.31097182198934,44.67102106537697,0.0
802,802,59.35812467197093,7.620324921249525,0.0
803,803,51.71415227958971,5.138091684850265,0.0
804,804,44.513024202282864,16.863630077228493,0.0
805,805,46.07095128602784,29.198376224133828,0.0
806,806,64.51178760208045,32.33642346578685,0.0
807,807,53.05072806864036,27.32732536598908,0.0
808,808,64.28096146541029,50.44645105924459,0.0
809,809,50.24354795225199,26.83594201197186,0.0
810,810,46.60684745276354,16.95312977704786,0.0
811,811,47.54732437712432,9.83565912811144,0.0
812,812,69.27948227228305,19.51022477057466,0.0
813,813,52.777225558364414,0.8827790522031206,0.0
814,814,63.98675094740653,49.9317019951727,0.0
815,815,68.36067088006025,15.715313121760424,0.0
816,816,45.1770716170623,8.99136858125263,0.0
817,817,48.250326714083,41.34807143094178,0.0
818,818,45.6985209989687,15.110967716114528,0.0
819,819,37.179232785665604,-4.323595171623033,0.0
820,820,54.04973265520216,26.074717736423686,0.0
821,821,61.24350254284196,32.264425496921525,0.0
822,822,48.01281040902098,8.731209604416115,0.0
823,823,61.65758319416535,5.5523302975584015,0.0
824,824,51.33544598641729,36.61155122007405,0.0
825,825,40.15786248826261,18.07968577908552,0.0
826,826,64.39413669056943,38.691545823543116,0.0
827,827,60.0991317783983,32.55144196914914,0.0
828,828,36.66951897489569,22.873225006994645,0.0
829,829,62.96388526547933,29.028862827749997,0.0
830,830,65.43057865606907,59.954832183120224,0.0
831,831,60.790518234757386,35.60272570695181,0.0
832,832,55.793744415098004,22.683732449776876,0.0
833,833,45.6536216770759,1.3189025062439157,0.0
834,834,58.767277558865125,44.573334808494906,0.0
835,835,49.89268347144491,38.41730265771056,0.0
836,836,61.16321613870163,23.609499146787932,0.0
837,837,38.71446448971428,-4.233842386048327,0.0
838,838,39.42653464945738,-6.95062605805925,0.0
839,839,45.62715136750882,9.797836847465774,0.0
840,840,51.70949760734987,3.800612847947,0.0
841,841,42.60413559277887,2.6445320459420976,0.0
842,842,46.50922718173634,21.757791018278304,0.0
843,843,54.56743410351746,51.67612206128672,0.0
844,844,50.092695463797135,29.767148096389388,0.0
845,845,40.402638345847855,16.184837378552317,0.0
846,846,59.60622942335481,50.49760271414758,0.0
847,847,56.73945091488676,43.41495707876454,0.0
848,848,42.064295223211076,-5.267918092590415,0.0
849,849,68.72144626413147,25.492652283474836,0.0
850,850,50.934127786746785,60.06155672737132,0.0
851,851,61.739197446966614,7.897055428237971,0.0
852,852,44.128890042774934,19.328063402892447,0.0
853,853,57.22978334089419,31.516046790735363,0.0
854,854,50.40479560900243,5.391036920469382,0.0
855,855,51.60648980503028,27.555864951935234,0.0
856,856,58.99993623561803,51.686835796642704,0.0
857,857,51.3276607514613,41.71054222213057,0.0
858,858,65.20368209247034,52.75682810952531,0.0
859,859,44.67621739147344,37.62087896612928,0.0
860,860,38.73572476018257,-1.7165761556066452,0.0
861,861,44.12140484511418,18.19552057556613,0.0
862,862,52.82995805884728,-0.6503309839542615,0.0
863,863,46.90437293086494,9.05805092422634,0.0
864,864,52.956052970327946,-2.090850229799168,0.0
865,865,47.626790964802545,34.87473911737596,0.0
866,866,53.627514535095116,31.22606363088215,0.0
867,867,45.223155012823426,42.95858133488363,0.0
868,868,55.9904196230344,43.28170202146786,0.0
869,869,47.299979819175206,8.96408036537071,0.0
870,870,48.77981819461556,23.111485439071476,0.0
871,871,61.81973213754513,31.50537101061326,0.0
872,872,65.36220389009466,27.574636861605008,0.0
873,873,61.22246193945195,11.16818012340874,0.0
874,874,40.52583955327257,23.454340541927888,0.0
875,875,47.14716582715132,1.309719013006158,0.0
876,876,57.48533718977315,-6.0356241406226365,0.0
877,877,63.18934087609775,40.637592144164245,0.0
878,878,48.29376476620103,23.89462286124835,0.0
879,879,43.366368218631735,18.77994681445961,0.0
880,880,47.48209347757671,2.825398807731869,0.0
881,881,43.227987000524756,21.833839294985346,0.0
882,882,53.97985578574447,21.682124445415973,0.0
883,883,53.55398766379789,15.692692652247818,0.0
884,884,47.88817044148289,14.213446863858374,0.0
885,885,55.846422797241104,57.32437327359482,0.0
886,886,48.29390705019454,9.892346750799017,0.0
887,887,68.69132064459595,34.07579141703249,0.0
888,888,47.173811717331695,21.7458753841843,0.0
889,889,66.90034064035271,29.4641615579644,0.0
890,890,56.980200765816754,40.1825674854388,0.0
891,891,55.065016989137135,48.975461040691584,0.0
892,892,49.86188900276548,8.242218367132718,0.0
893,893,63.4590513125717,27.669713587858947,0.0
894,894,47.517383833843766,36.153221341607534,0.0
895,895,46.58761146675404,40.59574647192812,0.0
896,896,42.28597474316777,-6.132935315912845,0.0
897,897,47.186089506432445,46.89218348173639,0.0
898,898,66.68876797065276,14.011834145550022,0.0
899,899,52.162379565714154,23.88748060468296,0.0
900,900,46.112324330601474,39.32977154617626,0.0
901,901,49.42848041937364,34.84419213172375,0.0
902,902,53.90524410316925,51.03072451083429,0.0
903,903,68.36456734091001,34.22037905730496,0.0
904,904,43.26055378420697,42.08526739889503,0.0
905,905,65.03006129815823,45.75745377646524,0.0
906,906,63.05729769054837,34.87316437342315,0.0
907,907,46.53074628730534,16.52358644298942,0.0
908,908,47.98998765989072,39.36875583249779,0.0
909,909,68.1256913745295,26.867755871853195,0.0
910,910,50.42328228838945,41.15010859355501,0.0
911,911,47.386504246475,-0.29382771453692735,0.0
912,912,48.836712916691305,5.59838830454857,0.0
913,913,66.29191564610237,37.832925770834414,0.0
914,914,51.78899092297116,57.76066927923104,0.0
915,915,43.27892916884301,-5.367328930952471,0.0
916,916,67.16069358578618,50.55596371024755,0.0
917,917,68.9797286124916,18.247890304231237,0.0
918,918,63.53466722683829,55.169285232347825,0.0
919,919,61.844141819549,40.351347711383845,0.0
920,920,42.638148440921746,23.32333622662403,0.0
921,921,52.35339693117261,6.641528337506227,0.0
922,922,54.08968254441656,39.1249303625543,0.0
923,923,55.72323866931903,41.38281373234443,0.0
924,924,54.276691361962826,40.05006026730913,0.0
925,925,55.9616596954829,-5.978614884918255,0.0
926,926,46.813144941674395,4.348749530531647,0.0
927,927,52.068994032502694,54.93780018745766,0.0
928,928,51.10230196339289,29.349711911104794,0.0
929,929,45.7453107748751,20.05135236606697,0.0
930,930,60.240740198289636,49.57785341657188,0.0
931,931,59.80486435938598,18.54973253867342,0.0
932,932,49.28425725749561,12.188404789376715,0.0
933,933,68.21067141713549,27.80002579777051,0.0
934,934,49.498289822637936,8.594660562273004,0.0
935,935,46.90548629821576,24.466997027896863,0.0
936,936,58.258574810792396,52.973783036798224,0.0
937,937,52.66572980324694,36.91648507495694,0.0
938,938,42.463965999212775,27.0402918773994,0.0
939,939,59.12880993277202,57.476740244469845,0.0
940,940,53.554504313904076,55.37608865836406,0.0
941,941,56.86654157275444,13.466589738613717,0.0
942,942,51.64466664485976,43.578918871473206,0.0
943,943,42.31834373579512,-2.3882735491346128,0.0
944,944,47.19935011983795,35.09705706676413,0.0
945,945,51.98790012765424,51.41986848893847,0.0
946,946,47.33290510862145,3.3683266522989546,0.0
947,947,68.44633113371857,58.104085072328544,0.0
948,948,52.28115941748765,-7.2714378140119145,0.0
949,949,54.204908923630214,38.78421130353956,0.0
950,950,52.61126200220443,45.88553265823532,0.0
951,951,53.92637178194336,50.996671659057746,0.0
952,952,41.28818255474597,24.44246392747292,0.0
953,953,45.049629951825956,34.91804176769804,0.0
954,954,46.759614724188644,14.56518486873651,0.0
955,955,53.407305910958236,6.218542447602412,0.0
956,956,62.785610427590534,56.930630686725536,0.0
957,957,41.849174242859824,-3.020276667467336,0.0
958,958,53.16682530229649,55.16468355002009,0.0
959,959,52.19785430460111,30.914965903217485,0.0
960,960,54.842335693076045,30.024824444641965,0.0
961,961,48.259917202498976,29.151307162041533,0.0
962,962,55.908820756427886,45.98027847014017,0.0
963,963,62.39847113982401,7.838011359164915,0.0
964,964,39.65824998986756,-7.90533540259481,0.0
965,965,54.913009611088285,-4.084749901515509,0.0
966,966,63.67662369170699,51.98064492307214,0.0
967,967,43.49010231357596,21.564794454102987,0.0
968,968,49.46734391697858,8.649841160839955,0.0
969,969,38.29342446065592,20.438039127468844,0.0
970,970,58.36617098259588,41.56554811891807,0.0
971,971,46.09919901929529,45.51762195264316,0.0
972,972,58.56530177417955,46.48034389443576,0.0
973,973,42.195690981906345,9.212712458873355,0.0
974,974,70.04919232869521,25.49453898740931,0.0
975,975,40.98819228701944,0.5310009770428364,0.0
976,976,62.805739231520576,22.04640573655979,0.0
977,977,67.25725896525213,24.95066425392775,0.0
978,978,49.044755226940865,20.229579192009563,0.0
979,979,52.61109743281255,45.545046968414745,0.0
980,980,42.02738335199918,25.67083585963897,0.0
981,981,52.767225259196756,20.659035330221755,0.0
982,982,43.19365348688359,19.593368911312517,0.0
983,983,56.5546843556392,13.005927699464712,0.0
984,984,61.81727918849266,28.906047628518934,0.0
985,985,40.98327457019419,-7.280690484528163,0.0
986,986,47.82403151471402,-3.3305201337687085,0.0
987,987,40.178998743989524,-8.843438187893122,0.0
988,988,46.973386376008094,21.158331548044668,0.0
989,989,61.128969757916785,9.12864855563206,0.0
990,990,65.31053785576614,46.24910568204893,0.0
991,991,47.93732440381054,4.007251722170252,0.0
992,992,49.17567459838827,26.564218988135476,0.0
993,993,46.00503488036968,28.1557003577105,0.0
994,994,59.00971441738145,53.58972037584347,0.0
995,995,54.30666480592001,30.77251233201787,0.0
996,996,50.71866167978332,14.381701581010589,0.0
997,997,52.06391389455788,0.34669471661513135,0.0
998,998,66.91729537560529,20.733026913509402,0.0
999,999,64.36728422191977,57.37039512788825,0.0
